rank,domain,category,fit_score,composite_score,domain_rating_estimate,dr_label,recent_article_date,recent_article_url,recent_article_title,doelgroep_match,doelgroep_omschrijving,fit_motivation,pitch_angle,submission_proces_hint,submission_url_hint,first_impression,source_query,verified_via,agent_id
1,managementsite.nl,C4|C6,5,0.85,HIGH (DR 60+),estimated,2026,https://www.managementsite.nl/stoppen-met-het-begrip-hrm-vanaf-2026,Stoppen met het begrip 'HRM' vanaf 2026?!,HR,"Managers, bestuurders en HR-professionals — brede managementcommunity met opinie- en kennisartikelen.","Toonaangevende managementsite met open auteursplatform, hoge autoriteit en directe HR/management-publiek — top prioriteit.",Hoe HR-managers in 2026 zenuwstelsel-regulatie centraal stellen om burn-out en disengagement te keren.,open call,niet gevonden,Brede online management-publicatie met artikelen vitaliteit en burn-out.,vitaliteitsmanagement blog,WebSearch,E
2,nobco.nl,C8,5,0.85,HIGH (DR 60+),estimated,2026,https://nobco.nl/supervisie-wordt-vanaf-1-januari-2026-verplicht-voor-alle-aangesloten-coaches/,Supervisie wordt vanaf 1 januari 2026 verplicht voor alle aangesloten coaches,coach,"Aangesloten coaches, supervisoren en opleiders binnen het Nederlandse coaching-vakgebied.",Grootste coachvereniging NL met e-magazine en wetenschappelijk symposium; sterke match voor zenuwstelsel-content voor coaches in HR-context.,Hoe coaches zenuwstelsel-regulatie inzetten als evidence-informed interventie bij burn-out- en stresscoachingstrajecten.,open call,https://nobco.nl/nieuws-inspiratie/nieuws/,Grootste beroepsvereniging coaches NL met e-magazine Coach voor gastbijdragen.,NOBCO coaching blog Nederland,WebSearch,D
3,nvp-hrnetwerk.nl,C8,5,0.835,HIGH (DR 60+),estimated,2026-03-09,https://www.nvp-hrnetwerk.nl/nl/nieuws-detail/2026/03/09/van-nice-to-have-naar-strategische-noodzaak-de-rol-van-medewerkersvrijwilligerswerk-in-hr,Van 'nice to have' naar strategische noodzaak: de rol van medewerkersvrijwilligerswerk in HR,HR,"HR-professionals aangesloten bij NVP beroepsvereniging, met focus op arbeidsrecht, beleid en strategisch HRM.","Toonaangevende HR-beroepsvereniging met blog en magazine; actieve content rond 2026 wetgeving, sterke autoriteit en directe HR-doelgroep.",PSA-wetgeving 2026 in praktijk: hoe HR-professionals zenuwstelsel-regulatie inzetten als preventieve maatregel.,pitch via redactie,niet gevonden,Beroepsvereniging HR-professionals met magazine en partnerschap Tijdschrift voor HRM.,NVP personeelsmanagement publicatie,WebSearch,E
4,tijdschriftvoorhrm.nl,C1|C4|C6|C15|C13,5,0.835,HIGH (DR 60+),estimated,2026-05-12,https://tijdschriftvoorhrm.nl/in-gesprek-met-lector-dr-joost-van-der-weide/,Talent-gerichte benadering met aandacht voor rust en ondersteuning,HR,"Wetenschappelijke HR-professionals, lectoren en HR-onderzoekers gericht op strategisch HRM en duurzaam werkgeverschap.",Wetenschappelijk HR-tijdschrift met open redactionele inzending; recente artikelen rond neuro-inclusie en rust — top match.,Neuro-inclusiviteit en zenuwstelsel-regulatie: hoe HR-wetenschap en praktijk samenkomen rond duurzaam werk.,pitch via redactie,niet gevonden,Wetenschappelijk HR-tijdschrift met peer-reviewed artikelen voor HR-professionals; accepteert ingezonden artikelen via redactie.,HR vakblad gastblog,WebSearch,E
5,arbo-online.nl,C2|C4|C6|C12,5,0.805,HIGH (DR 60+),estimated,2026,https://www.arbo-online.nl/33687/een-gezond-en-veilig-2026,Een gezond en veilig 2026!,arbo,"Arboprofessionals, preventiemedewerkers, HR en bedrijfsartsen bij Nederlandse werkgevers.",Topvakblad voor arbo/HR met sterke verzuim-/welzijnsfocus en regelmatige expertbijdragen; directe match voor zenuwstelsel-/burn-out content.,Zenuwstelsel-regulatie als wetenschappelijk onderbouwde preventiestrategie voor stress- en burn-outverzuim op de werkvloer.,pitch via redactie,niet gevonden,Grootste kennisplatform voor arboprofessionals met nieuws en best practices.,arbo vakblad gastartikel,WebSearch,D
6,chro.nl,C1|C6|C12,5,0.805,HIGH (DR 60+),estimated,2026,https://chro.nl/artikel/duurzame-inzetbaarheid-heeft-voor-hr-in-2026-de-hoogste-prioriteit/,Duurzame inzetbaarheid heeft voor HR in 2026 de hoogste prioriteit,HR,"CHRO's, HR-directeuren en bestuurders van grote Nederlandse organisaties.",Topplatform voor HR-strategie met duurzame inzetbaarheid als #1 prioriteit voor 2026; perfecte match voor expertstuk over zenuwstelsel en verzuimreductie.,Strategische CHRO-invalshoek: zenuwstelsel-regulatie als meetbare hefboom op duurzame inzetbaarheid en bottom-line verzuimkosten.,pitch via redactie,https://chro.nl/auteur/de-redactie/,Platform en magazine voor CHRO's en HR-directeuren; potentieel voor strategische bijdragen over verzuim en welzijn.,HR vakblad gastblog,WebSearch,D
7,hrpraktijk.nl,C1|C6|C15,5,0.805,HIGH (DR 60+),estimated,2026,https://www.hrpraktijk.nl/medewerker/duurzame-inzetbaarheid/trends-2026-aanpak-personeelstekort-verschuift-van-werven-naar-behouden/,Trends 2026: aanpak personeelstekort verschuift van werven naar behouden,HR,"HR-managers, HR-business partners en directieleden in Nederland die zich bezighouden met arbeidsvoorwaarden, verzuim en duurzame inzetbaarheid.","Een van de grootste NL HR-vakplatforms; publiceert structureel over verzuim, WIA, duurzame inzetbaarheid en HR-trends; ideale doelgroep voor zenuwstelsel-pitch aan HR-managers.",Van werven naar behouden in 2026: zenuwstelsel-regulatie als retentie- en verzuimreductie-strategie voor HR.,pitch via redactie,niet gevonden,Grote HR-community met 25.000+ leden; whitepapers en cases over arbo en verzuim staan op de site.,HR-platform gastartikel,WebSearch,C
8,mtsprout.nl,C4|C6|C7,5,0.805,HIGH (DR 60+),estimated,2026,https://mtsprout.nl/leiderschap/dit-zijn-4-goede-voornemens-die-je-in-2026-een-betere-leider-maken,Dit zijn 4 goede voornemens die je in 2026 een betere leider maken,HR,"Managers, scale-up oprichters, ondernemers en CEO's in Nederland; toonaangevend ondernemers/leiderschap-medium.",Top NL ondernemers- en leiderschapsmedium met actuele content over burn-out en vierdaagse werkweek — premium target voor expertbijdrage over zenuwstelselregulatie.,Wat de vierdaagse werkweek mist: zenuwstelselregulatie als echte burn-outpreventie voor leiders en hun teams.,pitch via redactie,niet gevonden,Toonaangevend ondernemersmedium met artikelen over leiderschap en vitaliteit.,vitaliteitsmanager blog,WebSearch,F
9,nfp.kngf.nl,C8,5,0.805,HIGH (DR 60+),estimated,2026,https://www.kngf.nl/nieuws/nfp-congres-2026/,NFP congres 2026 - Psychosomatiek in het spectrum,zorgprof,Psychosomatisch fysiotherapeuten en KNGF-leden; therapeuten die lichaamsgericht werken met stress/burn-out.,Beroepsvereniging psychosomatiek met directe inhoudelijke overlap (lichaamsgericht werken bij stress); thematische topkandidaat.,Polyvagaaltheorie in de spreekkamer: een praktische bridge tussen psychosomatische fysiotherapie en werkgevers-context.,pitch via redactie,https://nfp.kngf.nl/over-nfp,Beroepsverenging psychosomatisch fysiotherapeuten (NFP) - direct relevante doelgroep en kanaal.,beroepsvereniging psychosomatisch fysiotherapie,WebSearch,A
10,pwnet.nl,C1|C6|C15|C13,5,0.805,HIGH (DR 60+),estimated,2026,https://www.pwnet.nl/53171/2026-impact-ai-digitalisering-en-robotisering-hoog-op-hr-prioriteitenlijst,"2026: impact AI, digitalisering en robotisering hoog op HR-prioriteitenlijst",HR,"HR-professionals, HR-directie en HR-juristen in heel Nederland; nieuws, jurisprudentie en kennis.",Grootste HR-vakblad NL met verzuim/WIA-content en sterke autoriteit — topkandidaat voor gastauteurschap over burn-out/zenuwstelsel.,AI-druk versus mens: hoe HR in 2026 verzuim voorkomt door zenuwstelsel-regulatie als nieuwe HR-skill.,pitch via redactie,niet gevonden,Grootste HR-platform van Nederland (voorheen PW de Gids); kennis en nieuws voor HR-professionals.,HR vakblad gastblog,WebSearch,A
11,tijdschriftdepsycholoog.nl,C8,4,0.8,HIGH (DR 60+),estimated,2026-04,https://www.tijdschriftdepsycholoog.nl/edities/,De Psycholoog nr. 2 - april 2026,psycholoog,"NIP-leden: BIG-geregistreerde psychologen, onderzoekers en docenten.",NIP-vakblad met open auteurspolicy mits wetenschappelijk onderbouwd; sterke autoriteit en doelgroep voor zenuwstelsel-/burn-out content.,Wetenschappelijk onderbouwde bijdrage over zenuwstelsel-regulatie in psychologische zorg bij werkgerelateerde uitval.,open call,niet gevonden,NIP-vakblad De Psycholoog accepteert auteursvoorstellen met wetenschappelijke onderbouwing.,NIP psychologie publicatie auteur,WebSearch,D
12,mkbservicedesk.nl,C5,5,0.775,HIGH (DR 60+),estimated,2025-2026,https://www.mkbservicedesk.nl/nieuws/ondernemersnieuws/stressgerelateerd-verzuim-neemt-toe-bij-vrouwen-twee-keer-zo-hoog-als-bij-mannen,Stressgerelateerd verzuim neemt toe; bij vrouwen twee keer zo hoog als bij mannen,ondernemer,MKB-ondernemers en HR-/personeelszaken bij kleinere bedrijven.,"Topkennisbank voor MKB met actuele content over stress-verzuim, HR-trends 2026 en re-integratie; bekend om gastauteurs uit het werkveld.","Praktische gids voor MKB-werkgevers: zenuwstelsel-regulatie als kosteneffectieve aanpak van stijgend stressverzuim, vooral bij vrouwen.",open call,niet gevonden,Kennisbank van MKB-Nederland met sectie over verzuim en re-integratie,"""MKB Servicedesk"" OR ""De Ondernemer"" gastauteur",WebSearch,D
13,hrmorgen.nl,C1,5,0.775,MEDIUM (DR 30-60),estimated,2026-05,https://www.hrmorgen.nl/2026/05/de-cijfers-achter-digitalisering-en-ai-op-de-werkvloer/,De cijfers achter digitalisering en AI op de werkvloer,HR,"HR-professionals, HR-managers en directieleden bij Nederlandse organisaties; nieuws, opinie, onderzoek.",Toonaangevend NL HR-vakblad met regelmatige opinie/expert-bijdragen en thema's burn-out/werknemersbetrokkenheid — uitstekende fit voor gastartikel.,Hoe HR-managers werknemersbetrokkenheid herstellen via zenuwstelselregulatie — voorbij wellness-vinkjes.,pitch via redactie,niet gevonden,HR-nieuws en opinieplatform met artikelen over burn-out en generatieproblematiek.,HR community blog verzuim,WebSearch,F
14,mkbasics.nl,C3,5,0.775,MEDIUM (DR 30-60),estimated,2026-05-01,https://www.mkbasics.nl/,Pink absenteeism - de onzichtbare fase voor burn-out,arbo,"MKB-werkgevers en HR-managers die een arbodienst zoeken voor verzuim, bedrijfsgezondheidszorg en preventie.","Arbodienst-blog met meerdere actuele artikelen over pink-verzuim, frequent verzuim, burn-out — exact de doelgroep en open redactie via webinars.",Pink verzuim herkennen: hoe zenuwstelsel-signalen de onzichtbare fase voor burn-out blootleggen.,pitch via redactie,niet gevonden,Arbodienst voor MKB met nieuws en eventsectie over bedrijfsgezondheidszorg.,bedrijfsgezondheidszorg MKB,WebSearch,B
15,npdi.nl,C2,5,0.775,MEDIUM (DR 30-60),estimated,2026-03-23,https://www.npdi.nl/netwerkbijeenkomsten/,Netwerkbijeenkomst NPDI maart 2026,HR,"HR-managers, duurzame inzetbaarheid-adviseurs en beleidsmakers in NL bedrijfsleven en overheid.",Kennisnetwerk specifiek voor duurzame inzetbaarheid met DIX-benchmark en netwerkbijeenkomsten — sterke fit en kennisdeling aannemelijk.,Zenuwstelselregulatie als ontbrekende laag in de DIX-benchmark — een nieuwe lens op duurzame inzetbaarheid.,pitch via redactie,niet gevonden,Nationaal Platform Duurzame Inzetbaarheid; kennisnetwerk met HR/DI focus.,duurzame inzetbaarheid platform,WebSearch,F
16,ondernemenmetpersoneel.nl,C5|C9,5,0.775,MEDIUM (DR 30-60),estimated,2026-04-13,https://www.ondernemenmetpersoneel.nl/nieuws-update-24-2025,Ondernemers positief over 2026; Jonge werknemers mentaal onder druk,werkgever,"Ondernemers en MKB-werkgevers die personeel werven, beheren en geïnformeerd willen zijn over wetgeving en arbeidsmarkt.","Direct passend platform voor MKB-werkgevers met content over verzuim, jonge werknemers mentaal onder druk en HR-wetten; perfecte doelgroep voor zenuwstelsel-pitch.",Jonge werknemers mentaal onder druk in 2026 — wat MKB-ondernemers kunnen doen vanuit zenuwstelsel-perspectief.,pitch via redactie,niet gevonden,Specifiek platform voor werkgevers met content over verzuim en HR-trends,Nederlandse ondernemers magazine personeel verzuim,WebSearch,C
17,onderwijsvanmorgen.nl,C15,5,0.775,MEDIUM (DR 30-60),estimated,2026-05-20,https://www.onderwijsvanmorgen.nl/van-werkdruk-naar-werkgeluk-waardoor-is-de-werkdruk-in-het-onderwijs-zo-hoog-en-wat-doen-we-eraan/,Van werkdruk naar werkgeluk in het onderwijs,onderwijs,"Leraren, schoolleiders en onderwijsprofessionals (PO/VO/MBO) die zoeken naar inzichten over werkdruk, werkgeluk en onderwijsontwikkeling.","Actief onderwijsmedium met meerdere artikelen over werkdruk-naar-werkgeluk, leerkracht-welzijn — directe match voor zenuwstelsel-content, open redactie waarschijnlijk.",Zenuwstelsel-bewust lesgeven: praktische tools voor leraren en schoolleiders om werkdruk om te zetten in werkgeluk.,pitch via redactie,niet gevonden,Onderwijsmedium met artikelen over werkdruk en werkgeluk.,CNV Onderwijs HR blog,WebSearch,B
18,performa-hr.nl,C14|C10,5,0.775,MEDIUM (DR 30-60),estimated,2026-06-04,https://performa-hr.nl/product/hr-trendcongres/,HR Trendcongres 2026 - Performa HR,HR,"HR-managers en HR-professionals — vakplatform met congressen (HR Live, Trendcongres) en blog.",Vakplatform met blog en gastbijdragen van mentale-welzijnpartijen; congresecosysteem biedt extra spreker-/auteursroute.,Zenuwstelselregulatie: het ontbrekende fundament onder mentaal welzijn-programma's die werkgevers nu inkopen.,pitch via redactie,niet gevonden,HR-platform dat interviews en gastbijdragen publiceert van mentale-welzijnpartijen.,OpenUp werkgever blog,WebSearch,F
19,tbv-online.nl,C3|C8,5,0.775,MEDIUM (DR 30-60),estimated,2026-03-11,https://www.tbv-online.nl/de-burn-out-epidemie-verklaard/,22e TBV Congres: De burn-out-epidemie verklaard (11 maart 2026),bedrijfsarts,"Bedrijfsartsen, verzekeringsartsen en sociale geneeskundigen die wetenschappelijke en praktijk-relevante content lezen.",Vakblad bedrijfs-/verzekeringsgeneeskunde met expliciet open manuscript-process; congres-thema 2026 'burn-out epidemie verklaard' is perfect passend bij zenuwstelsel-thema.,Wat de polyvagale theorie toevoegt aan de burn-out-epidemie-discussie: een manuscript voor TBV-lezers.,pitch via redactie,niet gevonden,Tijdschrift voor Bedrijfs- en Verzekeringsgeneeskunde; accepteert manuscripts via redactie.,Tijdschrift Bedrijfs- en Verzekeringsgeneeskunde,WebSearch,C
20,vernet.nl,C7,5,0.775,MEDIUM (DR 30-60),estimated,2026-03-17,https://www.vernet.nl/2026/03/17/webinar-van-zorgwekkende-verzuimcijfers-naar-een-cultuur-waarin-mensen-floreren-waar-begin-je-concreet/,Webinar: Van zorgwekkende verzuimcijfers naar een cultuur waarin mensen floreren,HR,"HR-managers, bestuurders en arbo-professionals in de zorgsector die verzuimcijfers benchmarken.",Vernet is dé verzuimbenchmark voor de zorgsector met actief webinar/event-programma over cultuur en floreren; perfecte fit voor zenuwstelsel-pitch aan zorg-HR.,Van verzuimdata naar cultuurinterventie: zenuwstelsel-regulatie als brug tussen Vernet-cijfers en floreren in zorg-teams.,pitch via redactie,niet gevonden,Marktleider verzuimbenchmark zorg sinds 1996 met data en analyses.,vernet verzuim benchmark zorg,WebSearch,C
21,arboportaal.nl,C2|C12,4,0.755,HIGH (DR 60+),estimated,2026-04-20,https://www.arboportaal.nl/actueel/nieuws/2026/04/20/burn-outklachten-onder-werknemers-blijven-toenemen,Burn-outklachten onder werknemers blijven toenemen,arbo,"Werkgevers, arbo-professionals en HR die officiële Rijksoverheids-arbo-informatie zoeken (NEA-cijfers, regelgeving, beleid).",Rijksoverheid arbo-portaal met actuele burn-out content (NEA 2025) en duidelijke autoriteit — gastpublicaties zelden maar wel verwijzingen naar externe experts mogelijk.,Wetenschappelijke onderbouwing van zenuwstelsel-regulatie als preventieve interventie bij burn-outcijfers uit NEA 2025.,pitch via redactie,niet gevonden,Officieel arbo-kennisportal van Rijksoverheid met magazines en externe bronnen.,arbo vakblad gastartikel,WebSearch,B
22,binnenlandsbestuur.nl,C7,4,0.755,HIGH (DR 60+),estimated,2026-05-20,https://www.binnenlandsbestuur.nl/carriere/vakbondsleden-stemmen-massaal-in-met-cao-rijk,Vakbondsleden stemmen massaal in met cao rijk,HR,"Bestuurders, ambtenaren en HR-professionals bij gemeenten, provincies en rijksoverheid.",Toonaangevend vakmedium voor publieke sector met carriere- en HR-secties; relevante doelgroep voor stress/verzuim-content en mogelijk open voor expertbijdragen.,Werkdruk en burn-out bij ambtenaren: hoe overheidsorganisaties zenuwstelselregulatie als preventielaag inzetten.,pitch via redactie,niet gevonden,Vakmedium voor overheid met partnercontent over inkomenszekerheid en HR.,inkomensverzekeraar blog werkgever,WebSearch,F
23,fme.nl,C15,4,0.755,HIGH (DR 60+),estimated,2026-04-16,https://www.fme.nl/kennis-en-advies/fme-verenigingszaken/ledenvoordeel/event-gesprek-over-vitaliteit-op-donderdag-16,Event 'In gesprek over vitaliteit' op donderdag 16 april 2026 | FME,HR,HR-managers en werkgevers in de Nederlandse technologische industrie (FME-leden).,Werkgeversorganisatie met actieve vitaliteits/verzuim-content en HR-toolkit (STERK); sterke autoriteit en geschikte doelgroep voor expertbijdragen.,Vitaliteit in de technologische industrie: zenuwstelselregulatie als concreet onderdeel van strategische personeelsplanning.,pitch via redactie,niet gevonden,Werkgeversorganisatie technologische industrie met STERK Toolkit en HR-content.,Metaalunie FME industrie werkgever,WebSearch,F
24,poraad.nl,C15,4,0.755,HIGH (DR 60+),estimated,2026-06-03,https://www.poraad.nl/po-academie/strategisch-hr-start-3-juni-2026-3-juni-2026,Strategisch HR – start 3 juni 2026 (PO-Academie),onderwijs,"Schoolbestuurders, HR-managers en directeuren in het primair onderwijs.","Sectororganisatie met sterke autoriteit binnen PO; expliciete focus op werkdruk, CAO en strategisch HR; passend voor verzuim/burn-outpitch onderwijs.",Werkdruk in het PO structureel verlagen: zenuwstelsel-regulatie als praktische tool voor schoolleiders en leerkrachten.,pitch via redactie,niet gevonden,PO-Raad sectororganisatie primair onderwijs met dossiers over werkdruk en strategisch HR.,onderwijs HR blog NL,WebSearch,C
25,coachlink.nl,C8,5,0.745,MEDIUM (DR 30-60),estimated,2026,https://www.coachlink.nl/actueel/nieuws/,Nieuws - Coachlink.nl (lopende reeks evenementen 2026),coach,Professionele coaches en HRD-professionals; NOBCO-gerelateerd platform voor vakontwikkeling.,Vakplatform voor coaches met expliciete redactie en first impression noemt inzendmogelijkheid via redactie@coachlink.nl — directe pitch-route.,Polyvagale theorie in coaching: hoe coaches zenuwstelselregulatie inzetten bij stress- en burn-out-trajecten.,pitch via redactie,niet gevonden,Online vakdatabase NOBCO met open inzendmogelijkheid via redactie@coachlink.nl.,NOBCO coachlink artikel publicatie,WebSearch,F
26,trendsinhr.nl,C6,5,0.745,MEDIUM (DR 30-60),estimated,2026,https://www.trendsinhr.nl/dit-zijn-de-hr-trends-voor-2026/,Dit zijn de HR-trends voor 2026,HR,"HR-managers, HRD'ers en leidinggevenden gericht op strategische workforce planning, talent en arbeidsvoorwaarden.","HR-trends-magazine met directe focus op 2026 thema's (duurzame inzetbaarheid, retentie); top match en logische publicatieplek.",HR-trend 2026: zenuwstelsel-regulatie als nieuwe pijler onder duurzame inzetbaarheid en retentie.,pitch via redactie,niet gevonden,Onderzoeksplatform met magazine over HR-trends in Nederland,ondernemerstijdschrift Nederland HR personeel artikel,WebSearch,E
27,bgmagazine.nl,C3|C4,5,0.73,HIGH (DR 60+),estimated,2025-08-26,https://bgmagazine.nl/,Gratis inkoopgids arbodienst,bedrijfsarts,"HRM-professionals, bedrijfsartsen, casemanagers en re-integratiespecialisten — circa 15.000 wekelijkse lezers in occupational health.",Toonaangevend vakmagazine voor HRM/arbo/verzuim/PSA met directe overlap met zenuwstelsel-thematiek — top prioriteit voor outreach.,Zenuwstelsel-regulatie als brug tussen bedrijfsarts en HR-manager bij langdurig verzuim en burn-out preventie.,pitch via redactie,niet gevonden,BG Magazine - Next level HR met re-integratie en bedrijfsgeneeskunde content.,bedrijfsarts HR magazine,WebSearch,E
28,nvab-online.nl,C3|C8,5,0.73,HIGH (DR 60+),estimated,2025-09,https://nvab-online.nl/actueel/centrale-aanmeldprocedure-bedrijfsartsopleiding-van-start/,Centrale aanmeldprocedure bedrijfsartsopleiding van start,bedrijfsarts,Bedrijfsartsen (i.o.) en arboprofessionals; richtlijnontwikkeling en beroepsstandaarden.,Beroepsvereniging bedrijfsartsen — directe doelgroep en autoriteit voor verzuim-/burn-outinhoud; richtlijnen en BG-dagen als publicatiekanalen.,Zenuwstelsel-regulatie als evidence-informed onderdeel van bedrijfsgeneeskundige adviezen bij verzuim met stress-/burn-outcomponent.,pitch via redactie,niet gevonden,Beroepsvereniging bedrijfsartsen NVAB; richtlijnen en actueel-sectie.,NVAB publicatie,WebSearch,D
29,openup.com,C14|C15|C11,5,0.73,HIGH (DR 60+),estimated,2025-2026,https://openup.com/nl/blog/signalering-overspanning-zorg/,Signalering overspanning zorg: tools voor vroege detectie,HR,HR-managers en werkgevers die mentale welzijn-platforms inzetten voor medewerkers in NL en internationaal.,Internationaal mentaal welzijn-platform met hoge DR en sterk NL-werkgevers-blog; perfecte thematische match.,Vroege signalering van overspanning: zenuwstelsel-markers die HR en mentaal welzijn-platforms moeten kennen.,pitch via redactie,niet gevonden,Internationaal mentaal welzijn platform met grote NL blog voor werkgevers.,OpenUp werkgever blog,WebSearch,E
30,rendement.nl,C4|C6|C15|C12,5,0.73,HIGH (DR 60+),estimated,2025-2026,https://www.rendement.nl/verzuim/nieuws/verzuim-door-stressklachten-hoger-bij-vrouwen.html,Verzuim door stressklachten hoger bij vrouwen,HR,"HR-, arbo-, salaris-, fiscaal- en juridisch-professionals in Nederland; breed praktijkvakblad voor MKB.",Rendement is een van de grootste NL-praktijkvakbladen met aparte Arbo/Verzuim-redactie en partnerartikelen ('Psychisch verzuim grootste risico'); perfect kanaal en doelgroep.,Psychisch verzuim als grootste risico in 2026: hoe zenuwstelsel-regulatie HR helpt om dit beheersbaar te maken.,pitch via redactie,niet gevonden,Praktijkvakblad voor HR/arbo professionals met grote bereik.,vitaliteitsmanager blog,WebSearch,C
31,zorgvisie.nl,C1|C7|C12,5,0.73,HIGH (DR 60+),estimated,2025-2026,https://www.zorgvisie.nl/zo-halveerde-zorggroep-oude-en-nieuwe-land-het-verzuim/,Zo halveerde Zorggroep Oude en Nieuwe Land het verzuim,zorgprof,"Bestuurders, managers en HR in de Nederlandse zorgsector.",Toonaangevend zorgmanagement-vakblad met expliciete verzuim-case studies; sterke autoriteit en exacte HR-/bestuurders-doelgroep in zorg.,Hoe zorgwerkgevers in 2026 verzuim halveren via zenuwstelsel-regulatie — case-onderbouwde bijdrage voor bestuurders.,pitch via redactie,niet gevonden,Zorgmanagement vakblad gedeeld redactie met Skipr; HR-content voor zorgleidinggevenden.,Zorgvisie HR zorg,WebSearch,D
32,awvn.nl,C1|C4|C9,4,0.725,HIGH (DR 60+),estimated,2026,https://www.awvn.nl/cao/nieuws/arbeidsvoorwaardennota-2026-onzekere-tijden-vragen-om-passende-loonafspraken/,Arbeidsvoorwaardennota 2026,werkgever,"Werkgevers, HR-directies en CAO-onderhandelaars op zoek naar arbeidsvoorwaarden, wet- en regelgeving en duurzame inzetbaarheid.",Toonaangevende werkgeversvereniging met thema duurzame inzetbaarheid; sterk autoriteitsdomein voor HR-publiek.,Hoe werkgevers via zenuwstelsel-regulatie de stijgende PSA-claims onder de Arbeidsinspectie focus 2025-2026 kunnen voorkomen.,pitch via redactie,niet gevonden,Werkgeversvereniging AWVN met content over duurzame inzetbaarheid.,duurzame inzetbaarheid werkgevers,WebSearch,E
33,inspiratie.uwv.nl,C9,4,0.725,HIGH (DR 60+),estimated,2026,https://inspiratie.uwv.nl/,Verhalen waarmee je verder komt (platform),werkgever,"Werkgevers en HR-professionals die via UWV inspiratie zoeken over inclusief werkgeverschap, verzuim en re-integratie.",UWV-platform met hoge autoriteit en directe lezerschap werkgevers; perfecte match voor verzuim-thema.,WIA-instroom stijgt: hoe werkgevers via zenuwstelsel-regulatie psychisch verzuim kunnen voorkomen.,pitch via redactie,niet gevonden,Inspiratieplatform UWV voor werkgevers met artikelen over verzuim en werkgeverschap.,UWV Perspectief artikel werkgever,WebSearch,E
34,managementboek.nl,C6,4,0.725,HIGH (DR 60+),estimated,2026,https://www.managementboek.nl/magazine/actueel/23046/longlist-managementboek-van-het-jaar-2026,Longlist Managementboek van het Jaar 2026,HR,"Management-, HR- en leiderschapsprofessionals die boeken kopen en management-artikelen lezen (auteurs/recensies/longlists).","Toonaangevend NL platform voor management/leiderschap-boeken en artikelen — auteursprofielen en magazine-content, gastartikel mogelijk via redactie of boekuitgave.","Recensie/artikel rond zenuwstelsel-bewust leiderschap, mogelijk gekoppeld aan boekuitgave of expert-opinie.",pitch via redactie,niet gevonden,Boek- en kennisplatform met auteursprofielen rondom management en leiderschap,Sprout MT schrijf mee gastauteur,WebSearch,B
35,managementscope.nl,C6,4,0.725,HIGH (DR 60+),estimated,2026,https://managementscope.nl/en/essay/issues-agm-agenda-good-governance,Issues on the AGM's Agenda in 2025,ondernemer,"CEO's, CFO's, commissarissen en bestuurders van Nederlandse beursfondsen en grote ondernemingen.",Topplatform voor C-suite-content; gastauteurschap mogelijk maar redactie is selectief en thematiek vereist boardroom-niveau.,Waarom CHRO's en CEO's zenuwstelsel-regulatie als governance-onderwerp moeten omarmen — strategische verzuimkostenreductie.,pitch via redactie,niet gevonden,Vakblad voor managers directeuren en commissarissen,management vakblad Nederland schrijf mee bijdrage,WebSearch,D
36,onvz.nl,C7,4,0.725,HIGH (DR 60+),estimated,2026,https://www.onvz.nl/over-onvz/nieuws-en-pers/nieuws-en-persberichten/premiebekendmaking-2026,Premiebekendmaking 2026,werkgever,"Verzekerden, werkgevers met collectieve contracten en HR-/arbo-inkopers.","Zorgverzekeraar met werkgeverssectie; sterk autoritair domein, mits er bij Job Werkt-redactie ruimte is voor gastauteurs.",Vitaliteit en preventie via zenuwstelsel-regulatie als ROI-onderbouwing voor werkgevers met collectieve zorgverzekering.,pitch via redactie,niet gevonden,Werkgeverssectie 'Job Werkt' met blogs over vitaliteit en preventie voor werkgevers.,ONVZ werkgever content,WebSearch,D
37,personio.nl,C10,4,0.725,HIGH (DR 60+),estimated,2026,https://www.personio.nl/hr-woordenboek/aangifte-inkomstenbelasting/,De aangifte inkomstenbelasting: de ultieme gids voor 2026,HR,HR-managers en MKB-werkgevers die Personio HR-software gebruiken of overwegen; Europese HR-content op NL-site.,Grote Europese HR-software speler met sterk content-team en breed bereik onder HR-professionals; gastbijdrage-traditie deels via Personio Blog format.,Talent retention 2026: hoe zenuwstelsel-regulatie de leadership-skill is die data-driven HR aanvult.,pitch via redactie,niet gevonden,Personio NL blog met HR-statistieken en strategie-content,"""Personio"" Nederland blog HR",WebSearch,C
38,ser.nl,C9,4,0.725,HIGH (DR 60+),estimated,2026,https://www.ser.nl/nl/actueel/nieuws/jaarplan-inspectie-2026,Jaarplan 2026 Nederlandse Arbeidsinspectie,werkgever,"Beleidsmakers, sociale partners en HR-leiders op zoek naar arbeidsomstandigheden, medezeggenschap en duurzame inzetbaarheid.",SER Arboplatform met directe focus op werkdruk en PSA via Arbeidsinspectie-Jaarplan 2026; hoge autoriteit.,Werkdruk en ongewenst gedrag: hoe organisaties anticiperen op NLA-toezicht 2026 met zenuwstelsel-aanpak.,pitch via redactie,niet gevonden,Sociaal-Economische Raad met thema's duurzame inzetbaarheid en leven lang ontwikkelen.,SER blog werkgever Nederland,WebSearch,E
39,skipr.nl,C1|C4|C12,4,0.725,HIGH (DR 60+),estimated,2026,https://www.skipr.nl/nieuws/igj-focust-in-2026-extra-op-twee-doelgroepen-en-technologische-innovatie/,IGJ focust in 2026 extra op twee doelgroepen en technologische innovatie,HR,"Zorgmanagement, bestuurders en HR-directie in NL zorgsector.",Bekend zorgmanagement-platform met HR/personeel-content en sterke autoriteit; perfect kanaal voor zorg-HR pitch.,Personeelsbehoud in de zorg via zenuwstelsel-regulatie: een nieuwe HR-strategie voor zorgbestuurders.,pitch via redactie,niet gevonden,Zorgmanagement platform met HR/personeelsinzet blogs; raakt bedrijfsgezondheidszorg in zorg.,Skipr werk HR zorg,WebSearch,A
40,sprout.nl,C5,4,0.725,HIGH (DR 60+),estimated,2026,https://mtsprout.nl/groei/nl-startup-competition-2026-draper,NL Startup Competition 2026 (Draper University),ondernemer,"Ondernemers, scale-up founders, executives en investeerders die innovatie- en business-content lezen (MT/Sprout).","Toonaangevend NL business-platform (MT/Sprout) met grote autoriteit en breed lezerspubliek, accepteert opinie-/gastbijdragen via redactie — sterke pitch nodig.",Voor scale-up founders: zenuwstelsel-regulatie als concurrentievoordeel om team-burn-out tijdens hyper-groei te voorkomen.,pitch via redactie,niet gevonden,Platform van MT/Sprout voor ondernemers en scale-ups met redactie-input,Sprout MT schrijf mee gastauteur,WebSearch,B
41,venvn.nl,C15,4,0.725,HIGH (DR 60+),estimated,2026,https://www.venvn.nl/nieuws/v-vn-vraagt-aandacht-voor-verhoogde-werkdruk-in-de-ggz,V&VN vraagt aandacht voor verhoogde werkdruk in de ggz,zorgprof,"Verpleegkundigen, verzorgenden en zorgprofessionals (V&VN-leden) die werkdruk, CAO en beroepsidentiteit volgen.",Beroepsvereniging zorg met sterk werkdruk-thema (67% ggz-verpleegkundigen ervaart werkdruk) — gastauteur via V&VN-magazine of expertroute mogelijk.,Zenuwstelsel-regulatie als zelfzorg-tool voor verpleegkundigen onder structurele werkdruk.,pitch via redactie,niet gevonden,Beroepsvereniging V&VN met magazine en blogs over werkdruk en grenzen stellen in zorg.,V&VN zorg HR blog,WebSearch,B
42,xperthractueel.nl,C1|C13,4,0.725,HIGH (DR 60+),estimated,2026,https://www.xperthractueel.nl/belonen/heeft-uw-bedrijf-een-loonkloof-zo-kwam-apg-ervan-af/,Heeft uw bedrijf een loonkloof? Zo kwam APG ervan af,HR,HR-professionals die zich abonneren op XpertHR/Brightmine kennisplatform voor actuele HR-content en arbeidsrecht.,Sterk HR-kennisplatform (Brightmine) met actuele content voor HR-professionals; hoge autoriteit.,Hoe HR via zenuwstelsel-regulatie de loonkloof verkleint door retentie van vrouwen na zwangerschapsverlof te versterken.,pitch via redactie,niet gevonden,Actueel deel van XpertHR met nieuws en specialistische HR-content.,XpertHR kennisplatform,WebSearch,E
43,rnvc.nl,C8,5,0.715,MEDIUM (DR 30-60),estimated,2026-01,https://rnvc.nl/duiding-coalitieakkoord-2026-2030-sociale-zekerheid-arbeid-en-re-integratie/,"Duiding coalitieakkoord 2026–2030: sociale zekerheid, arbeid en re-integratie",arbo,"Casemanagers verzuim en care, re-integratiespecialisten en HR-professionals aangesloten bij beroepsregister.",Directe vakvereniging casemanagers verzuim met inhoudelijk blog — perfect match voor zenuwstelsel-pitch in re-integratie.,Re-integratie 2026: hoe casemanagers zenuwstelsel-inzichten gebruiken voor duurzaam herstel.,pitch via redactie,niet gevonden,Beroepsvereniging casemanagers verzuim - directe link met HR/arbo-pitchthema.,casemanagement register Nederland blog verzuim,WebSearch,E
44,arbeidsdeskundigen.nl,C2|C8,4,0.695,HIGH (DR 60+),estimated,2025-12,https://www.arbeidsdeskundigen.nl/nvva/actueel/wajong-wat-verandert-er-per-1-januari-2026,Wajong: wat verandert er per 1 januari 2026,arbo,Arbeidsdeskundigen (NVvA-leden) en aanverwante professionals rond WIA/verzuim/re-integratie in Nederland.,"Beroepsvereniging met autoriteit op verzuim, WIA en re-integratie — gezaghebbend kanaal richting arbeidsdeskundigen en bedrijfsartsen.",Zenuwstelsel-regulatie als ontbrekende laag in re-integratie bij burn-out: wat arbeidsdeskundigen kunnen herkennen en doorverwijzen.,pitch via redactie,niet gevonden,NVvA - beroepsvereniging voor arbeidsdeskundigen met nieuws- en blogsectie.,arbeidsdeskundige blog NVvA,WebSearch,A
45,hracademy.nl,C13,4,0.695,MEDIUM (DR 30-60),estimated,2026-03-31,https://www.hracademy.nl/cursus/aan-de-slag-met-duurzame-inzetbaarheid/,Aan de slag met duurzame inzetbaarheid (cursus),HR,HR-professionals en HR Business Partners die zich verder willen ontwikkelen via cursussen en webinars.,"Sterk HR-opleidingsplatform met thema's duurzame inzetbaarheid, verzuim en stress; webinars met externe sprekers.","Stress, verzuim en verloop: hoe HR via zenuwstelsel-regulatie de drie KPI's gelijktijdig kan verbeteren.",pitch via redactie,niet gevonden,HR Academy opleider HR-professionals met contentpotentie.,HR opleiding blog Nederland kennisplatform,WebSearch,E
46,nvvg.nl,C3,4,0.695,MEDIUM (DR 30-60),estimated,2026-02,https://www.nvvg.nl/nieuws/,NVVG nieuwsbrief februari 2026,bedrijfsarts,"Verzekeringsartsen, bedrijfsartsen en sociaal-medische professionals.",Beroepsvereniging verzekeringsartsen met wetenschappelijk programma en TBV-uitgave; expertbijdragen rond verzuim/zenuwstelsel zijn mogelijk via congres/nieuwsbrief.,Wetenschappelijk onderbouwde zenuwstelselregulatie als interventielaag voor verzekeringsartsen bij langdurig verzuim.,pitch via redactie,niet gevonden,Nederlandse Vereniging voor Verzekeringsgeneeskunde; mede-uitgever TBV.,bedrijfsgeneeskunde vakblad,WebSearch,F
47,oval.nl,C3|C4|C8,4,0.695,MEDIUM (DR 30-60),estimated,2026-02-10,https://www.oval.nl/nieuws/nieuwe-handreiking-ondernemen-is-vooruitdenken,Nieuwe handreiking 'Ondernemen is vooruitdenken',arbo,"Aangesloten arbodiensten, dienstverleners verzuim/vitaliteit en hun werkgevers-klanten.",Brancheorganisatie met inhoudelijke dossiers vitaliteit/verzuim en kenniswerkplaatsen; vakpubliek matcht perfect met zenuwstelsel-thema.,Zenuwstelsel-regulatie als praktijktool voor arbodienstverleners en case-managers binnen OVAL-keten.,pitch via redactie,niet gevonden,Brancheorganisatie arbodiensten met nieuws en checklists; thematische dossiers vitaliteit.,OVAL arbodienst,WebSearch,D
48,perspectief.eu,C16|C9,4,0.695,MEDIUM (DR 30-60),estimated,2026-03-24,https://www.perspectief.eu/blogs/impact-slaapproblemen-medewerkers-op-organisatie,Impact Slaapproblemen Medewerkers Organisaties (Blue Monday blog),arbo,"Werkgevers en HR die een arbodienst zoeken met focus op preventie, coaching en vitaliteit; landelijk netwerk arbo-locaties.","Arbodienst met actieve blog rond slaap, werk-prive balans en preventie; sterke match voor zenuwstelsel-pitch.",Slaap en zenuwstelsel-regulatie: het preventieve duo dat arbodiensten te weinig gebruiken.,pitch via redactie,niet gevonden,Adviesbureau met blog over impact van slaapproblemen op organisaties.,slaap werkgever blog,WebSearch,E
49,psycholoog.nl,C11,4,0.695,MEDIUM (DR 30-60),estimated,2026-05,https://psycholoog.nl/blogs/mental-health-awareness-month-2026-waarom-dit-belangrijk-is/,Mental health awareness month 2026: waarom dit belangrijk is,psycholoog,Mensen die online psychologische hulp zoeken plus collega-psychologen; breed publiek over mentale gezondheid.,"Landelijk online-psychologen platform met actieve blog (burn-out vs bore-out, jongeren mentaal), ACT en CGT-content; thematische match en redactionele frequentie.",Burn-out behandelen in 2026: waarom zenuwstelsel-regulatie aansluit op ACT en CGT in werkgerelateerde uitval.,pitch via redactie,niet gevonden,Landelijk psychologenkanaal met blogs over burn-out en mentaal welzijn werknemer.,psycholoog blog werkgever Nederland burn-out,WebSearch,C
50,register-rsc.nl,C2|C8,4,0.695,MEDIUM (DR 30-60),estimated,2026-04-01,https://www.register-rsc.nl/jaarcongres-2026-toekomst-van-het-vak/,Jaarcongres 2026: Toekomst van het Vak!,arbo,Geregistreerde casemanagers verzuim en WIA in Nederland; PE-punten en vakontwikkeling.,Beroepsregister casemanagement met directe doelgroep en sterke autoriteit op verzuim/WIA — relevante backlink.,Casemanagement 2026: waarom zenuwstelsel-kennis een PE-onderwerp moet zijn bij langdurig burn-out verzuim.,pitch via redactie,niet gevonden,Register Specialistisch Casemanagement; centrale autoriteit voor casemanagers met PE-content.,RCMS register casemanagement,WebSearch,A
51,sociaalwerk-werkt.nl,C4,4,0.695,MEDIUM (DR 30-60),estimated,2026-04,https://www.sociaalwerk-werkt.nl/werken-in-sociaal-werk/actuele-cijfers-verzuim,Verzuim in sociaal werk: actuele cijfers,werkgever,"Werkgevers en HR in de branche sociaal werk; cao, salaris en arbeidsmarkt.",Brancheplatform met actuele verzuimcijfers en werkgevers-content sociaal werk; relevant en gezaghebbend.,"Sociaal werk en compassion fatigue: hoe werkgevers zenuwstelsel-werk inzetten om verzuim van 7,8 procent terug te brengen.",pitch via redactie,niet gevonden,Branche-platform sociaal werk met werkgeverstips rond vitaliteit.,vitaliteit werkgever blog,WebSearch,A
52,toolshero.nl,C1|C6,4,0.695,MEDIUM (DR 30-60),estimated,2026-03-22,https://www.toolshero.nl/communicatie-modellen/winnaarsdriehoek/,Winnaarsdriehoek: de uitleg en toepassen - Toolshero,HR,"Studenten, managers en HR-professionals die managementmodellen en HR-concepten opzoeken.",Educatief modellen-platform met HR/persoonlijke-ontwikkeling/stress-content; gastauteurs en bekende-auteurs-secties bevestigen open redactie.,Polyvagale theorie als toolshero-model: van wetenschap naar toepasbaar HR-instrument.,pitch via redactie,niet gevonden,Managementmodellen-platform met content over HR en casemanagement.,HR systemen casemanagement,WebSearch,F
53,youngworks.nl,C4,4,0.695,MEDIUM (DR 30-60),estimated,2026-03-02,https://youngworks.nl/blog/de-jonge-medewerkers-checklist-onboarding/,De Jonge Medewerkers Checklist: Onboarding,HR,Werkgevers en HR-professionals die werken met of voor jongeren en jonge medewerkers (Gen Z/Beta).,"Jongerenonderzoeksbureau met recente content over prestatiedruk, mentale gezondheid en jonge medewerkers; sterke fit met thema (jonge werknemers mentaal onder druk).",Generatie Z/Beta en hun zenuwstelsels: hoe HR jonge medewerkers helpt reguleren in een prestatiecultuur.,pitch via redactie,niet gevonden,Onderzoeksbureau over jongeren met blog over mentale gezondheid op werk.,mentaal welzijn blog,WebSearch,C
54,zw-connect.nl,C15,4,0.695,MEDIUM (DR 30-60),estimated,2026-02,https://www.zw-connect.nl/nieuws/,"Nieuws ZWconnect (factsheet uitstroomonderzoek 2025, netwerkgroep mei 2026)",HR,"HR-, opleidings- en arbeidsmarktprofessionals in zorg en welzijn, inclusief loopbaancoaches.","Actief zorg-arbeidsmarkt-platform met content over leerculturen, behoud van personeel en loopbaancoaching; thematisch zeer passend bij verzuim/behoud-pitch.",Inspirerende en veilige leercultuur in zorg-organisaties begint bij zenuwstelsel-veiligheid voor zorgmedewerkers.,pitch via redactie,niet gevonden,Online platform zorg & welzijn met arbeidsmarkt- en HR-content.,RegioPlus zorgwerkgever blog,WebSearch,C
55,csrcentrum.nl,C16,5,0.685,MEDIUM (DR 30-60),estimated,2025,https://www.csrcentrum.nl/burn-out-is-primair-een-ontregeling-van-je-stresssysteem/,Burn-out is primair een ontregeling van je stresssysteem,coach,"Burn-out coaches, bedrijfsartsen en stress/burn-out professionals plus geinteresseerde werkgevers.",CSR Centrum positioneert burn-out al expliciet als stress-systeem-ontregeling — directe inhoudelijke overlap met zenuwstelsel-thema en autoriteit in NL.,Van CSR-methode naar polyvagaal: hoe HR met praktische zenuwstelsel-tools langdurig burn-out kan voorkomen op de werkvloer.,pitch via redactie,niet gevonden,Specialistisch burn-outcentrum met inhoudelijke blog voor professionals.,burn-out bedrijfsarts blog,WebSearch,A
56,ondernemersblog.nl,C5,4,0.68,LOW (DR <30),estimated,2026-03-10,https://www.ondernemersblog.nl/,Eerst taxatie of direct verkopen via feddema.nl,ondernemer,"MKB-ondernemers en ZZP'ers met breed thema (business tips, personeel, ICT, marketing).",Open ondernemers-blogplatform met door-en-voor-ondernemers concept; vaak ruimte voor gastauteurs.,Hoe MKB-ondernemers met grip op het zenuwstelsel van zichzelf en hun team verzuimkosten halveren.,open call,niet gevonden,Platform voor en door ondernemers met content over verzuim en personeel,ondernemers blog Nederland verzuim,WebSearch,E
57,nip.nl,C8,3,0.675,HIGH (DR 60+),estimated,2026-06-05,https://nip.nl/jaarcongres/,NIP Jaarcongres 2026,psycholoog,"Psychologen, A&O-psychologen en GZ-professionals aangesloten bij Nederlands Instituut van Psychologen.",Hoge autoriteit beroepsvereniging maar primair gericht op klinische/GGZ-content; A&O-sectie is relevant.,Polyvagaal-theorie en zenuwstelsel-regulatie als brug tussen A&O-psychologie en HR-praktijk.,pitch via redactie,niet gevonden,Grootste beroepsvereniging psychologen NL met publicatiestromen rond werk en welzijn.,NIP psychologie publicatie auteur,WebSearch,E
58,ntvg.nl,C3,3,0.675,HIGH (DR 60+),estimated,2026-04,https://vacatures.ntvg.nl/vacatures/anios/anios-bedrijfsgeneeskunde-mkb-449780.html,ANIOS bedrijfsgeneeskunde MKB (vacature 2026),bedrijfsarts,Artsen en medische professionals die gezaghebbend wetenschappelijk vakblad NTvG lezen voor onderzoek en opinies.,"Zeer gezaghebbend medisch vakblad, maar peer-reviewed wetenschappelijk; gastartikel-pitch alleen kansrijk met onderzoeksdata/case-study; hoge drempel.",Onderzoeksopinie: hoe polyvagale theorie aansluit op bestaande NTVG-publicaties over onverklaarde lichamelijke klachten in werkcontext.,pitch via redactie,niet gevonden,Nederlands Tijdschrift voor Geneeskunde met artikelen over bedrijfsgeneeskunde.,bedrijfsgeneeskunde NTVG,WebSearch,C
59,nyenrode.nl,C13,3,0.675,HIGH (DR 60+),estimated,2026-05-07,https://www.nyenrode.nl/opleidingen/p/collegereeks-hr-strategie,Collegereeks HR Strategie 2026,HR,"Senior HR-leiders, CHRO's en HR-businesspartners die executive education volgen bij Nyenrode.","Hoge academische autoriteit, exact senior HR-doelgroep — maar zelden gastartikelen van externe experts; eerder via lectoraat of expert-bijdrage.",Whitepaper/expert-bijdrage over zenuwstelsel-regulatie als nieuwe pijler in HR-strategie en verandermanagement.,pitch via redactie,niet gevonden,Nyenrode executive HR & verandermanagement - autoriteitsplatform academisch HR.,HR opleiding blog Nederland kennisplatform,WebSearch,B
60,arboned.nl,C16|C15|C8,4,0.665,HIGH (DR 60+),estimated,2025,https://www.arboned.nl/nieuws/stress-en-griep-zijn-de-grootste-veroorzakers-van-verzuim-in-2025,Stress en griep zijn de grootste veroorzakers van verzuim in 2025,arbo,Werkgevers (mkb en groter) en HR/preventiemedewerkers; ArboNed is een toonaangevende NL arbodienst.,Marktleider arbodienst met expliciete stress-/verzuim-content en werkgeversfocus — uitstekende match voor zenuwstelsel-thema bij burn-out.,Achter de cijfers van stressverzuim: hoe een ontregeld zenuwstelsel de oorzaak is en wat HR daaraan kan doen voordat het verzuim wordt.,pitch via redactie,niet gevonden,Grote arbodienst met uitgebreide kennisbank over werkstress en slaap.,werkstress arbodienst,WebSearch,A
61,arbounie.nl,C16|C8,4,0.665,HIGH (DR 60+),estimated,2026,https://www.arbounie.nl/nieuws/verzuim-door-boreout-vervijfvoudigd-in-vier-jaar,Verzuim door bore-out vervijfvoudigd in vier jaar,arbo,"Werkgevers, HR-professionals en werknemers van Arbo Unie-klanten met focus op verzuim en duurzame inzetbaarheid.",Grote landelijke arbodienst met sterk thematische kennisbank rond verzuim en mentale gezondheid; corporate redactie maar passende thematiek.,Bore-out en burn-out vanuit zenuwstelsel-perspectief: waarom traditionele interventies tekortschieten en wat werkgevers anders kunnen doen.,geen info gevonden,niet gevonden,Arbodienst met grote kennisbank voor werknemers en werkgevers.,arbo werkstress,WebSearch,D
62,zilverenkruis.nl,C1|C7,4,0.665,HIGH (DR 60+),estimated,2025,https://www.zilverenkruis.nl/overons/pers/premie-2026,Premies Zilveren Kruis 2026 bekend,werkgever,"Verzekerden, zakelijke klanten en zorgaanbieders; werkgeversmarkt met duurzame inzetbaarheid (KOBA-DI).",Grote zorgverzekeraar met expliciet duurzame-inzetbaarheid-spoor en sterke autoriteit; pitch via Zilveren Kruis Zakelijk haalbaar.,KOBA-DI ontmoet zenuwstelsel: een evidence-based interventielaag voor duurzame inzetbaarheid in 2026.,pitch via redactie,niet gevonden,Zorgverzekeraar met zakelijke blog over wetenschap achter inzetbaarheid en KOBA-DI.,duurzame inzetbaarheid wetenschap,WebSearch,A
63,driessengroep.nl,C1,4,0.665,MEDIUM (DR 30-60),estimated,2026,https://www.driessengroep.nl/en/actual/congress-hrm,Driessen Groep Jaarcongres HRM,HR,HR-professionals en werkgevers in de publieke sector — Driessen organiseert HRM-congressen en werkgelukinitiatieven.,HR-dienstverlener met werkgelukfocus en eigen kennisplatforms (Trends in HR); sterke match voor expertcontent over verzuim/burn-out.,Werkgeluk begint bij zenuwstelselveiligheid: praktische tools voor HR-managers in de publieke sector.,pitch via redactie,niet gevonden,Beheert meerdere kennisplatforms (Trends in HR / werk&geluk) gericht op HR-inspiratie.,HR Zone werkgeluk,WebSearch,F
64,falkeverbaan.nl,C10,4,0.665,MEDIUM (DR 30-60),estimated,2026,https://falkeverbaan.nl/opleidingen/masterprogramma-verzuim-en-gedrag/,Masterprogramma verzuim en gedrag,HR,"HR-managers, leidinggevenden en arbo-professionals die zich verdiepen in gedragsmatige aanpak van verzuim.","Autoriteit op gedrag+verzuim, exact de doelgroep voor zenuwstelsel-regulatie-content — hoge thematische match maar gastauteurs onbekend.",Hoe zenuwstelsel-regulatie de gedragsmatige verzuimaanpak versterkt: wetenschappelijke onderbouwing voor HR.,pitch via redactie,niet gevonden,Toonaangevend bureau over gedragsmatige aanpak van verzuim met onderzoek-blog,Yezzer Otherside Falke Verbaan verzuim blog Nederland,WebSearch,B
65,ggznieuws.nl,C4,4,0.665,MEDIUM (DR 30-60),estimated,2026,https://www.ggznieuws.nl/onderzoek-werk-en-mentale-gezondheid-ruim-helft-werkenden-kampt-met-mentale-klachten/,Onderzoek Werk en mentale gezondheid: ruim helft werkenden kampt met mentale klachten,zorgprof,"GGZ-professionals, beleidsmakers en geinteresseerde lezers over mentale gezondheid en mentale-gezondheid-op-het-werk.","Onafhankelijk nieuws-medium met veel content over werk+mentale gezondheid (HSK Monitor 2026, MKB-handreiking) — gastartikel/expert-bijdrage waarschijnlijk welkom.",Zenuwstelsel-regulatie als preventieve interventie bij de 54% werkenden met mentale klachten — voor managers en HR.,pitch via redactie,niet gevonden,Nieuwsplatform GGZ met regelmatig artikelen over werk en mentale gezondheid.,mentaal welzijn werkvloer,WebSearch,B
66,lifeguard.nl,C14,4,0.665,MEDIUM (DR 30-60),estimated,2026,https://lifeguard.nl/blogs/wat-moet-er-in-een-vitaliteitsprogramma-zitten/,Wat moet er in een vitaliteitsprogramma zitten?,HR,HR-managers en werkgevers die vitaliteitsprogramma's opzetten of meten in hun organisatie.,"Zeer actieve blog precies op vitaliteit/werkvloer-thema, met meetbare HR-focus; sterke contentmarketing-cultuur die gastauteurs aannemelijk maakt.",Welke data heb je nodig om zenuwstelsel-regulatie binnen een vitaliteitsprogramma te meten? (KPI-invalshoek voor HR).,pitch via redactie,niet gevonden,Vitaliteitsbureau met uitgebreide blog over mentale vitaliteit werkvloer.,Lifeguard mentaal welzijn werkgever,WebSearch,D
67,managementsupport.nl,C6,4,0.665,MEDIUM (DR 30-60),estimated,2026,https://www.managementsupport.nl/24443/11-lessen-om-te-dealen-met-verandering-in-je-werk-en-leven,11 lessen om te dealen met verandering in je werk en leven,HR,"Management-support, office- en secretariaat-professionals; mentale veerkracht en persoonlijke ontwikkeling.",Vakblad met expliciete mentale-gezondheid- en verandering-content en open redactie; goede match voor gastartikel.,Het management-supportbrein op piekuren: praktische zenuwstelsel-tools tegen overprikkeling en stress.,pitch via redactie,niet gevonden,Vakblad voor management-support en secretariaat-professionals,management vakblad Nederland schrijf mee bijdrage,WebSearch,A
68,nmbrs.com,C10,4,0.665,MEDIUM (DR 30-60),estimated,2026,https://www.nmbrs.com/nl/blog/hr-agenda,HR-agenda 2026: licht en overzichtelijk het jaar in,HR,"HR-managers, salarisverwerkers en accountants die HR/payroll-software gebruiken en HR-content/agenda-tools zoeken.",Actieve HR-software-blog met duidelijke werkgever-doelgroep en regelmatige artikelen — gastartikel waarschijnlijk welkom als aanvulling op kalenderthema's.,Zenuwstelsel-regulatie als HR-thema voor 2026: kalenderitems en praktische tools voor de HR-agenda.,pitch via redactie,niet gevonden,Salaris- en HR-software met NL-blog voor werkgevers en accountants,HR-software vendor blog Nederland werkgever,WebSearch,B
69,nspoh.nl,C3,4,0.665,MEDIUM (DR 30-60),estimated,2026,https://www.nspoh.nl/uitvoering/sogeon-congres-2026/,"SOGEON Congres 2026: Landelijk gedacht, lokaal gedaan",bedrijfsarts,"Bedrijfsartsen, sociaal-geneeskundigen en aankomende artsen in opleiding (bij-/nascholing).",Toonaangevend opleidingsinstituut voor bedrijfsartsen; gezaghebbend kanaal voor authority-build naar bedrijfsartsen.,Wat bedrijfsartsen in 2026 moeten weten over polyvagaaltheorie en burn-out interventies.,pitch via redactie,niet gevonden,Opleidingsinstituut bedrijfsartsen met kennisartikelen.,bedrijfsarts NSPOH,WebSearch,A
70,onderwijscommunity.nl,C15,4,0.665,MEDIUM (DR 30-60),estimated,2026,https://onderwijscommunity.nl/artikelen/strategisch-hr-in-het-onderwijs-werving-en-talentontwikkeling-krijgen-prioriteit/,Strategisch HR in het onderwijs: werving en talentontwikkeling krijgen prioriteit,onderwijs,"Schoolbestuurders, schoolleiders en HR/personeel in primair, voortgezet en mbo onderwijs.",Active community-site met expliciete strategisch-HR en onderwijstrends-rubrieken; goede match voor verzuim/burn-out in onderwijs.,Strategisch HR in het onderwijs ontmoet zenuwstelsel: hoe scholen burn-out onder docenten structureel verminderen.,pitch via redactie,niet gevonden,Community-site onderwijs met artikelen over burn-out en strategisch HR in onderwijs.,CNV Onderwijs HR blog,WebSearch,A
71,psyned.nl,C4|C11,4,0.665,MEDIUM (DR 30-60),estimated,2026,https://www.psyned.nl/blog/emotionele-uitputting-8-signalen-die-je-niet-mag-negeren/,Emotionele uitputting: 8 signalen die je niet mag negeren,psycholoog,"Particulieren, werkgevers en HR die een psycholoog zoeken via een matching-platform met uitgebreide kennisbank.","Grote kennisbank rond burn-out, emotionele uitputting en stress met sterke autoriteit en aangesloten psychologen.",Emotionele uitputting: hoe HR en psychologen samenwerken via zenuwstelsel-inzichten voor sneller herstel.,pitch via redactie,niet gevonden,Online psychologenplatform met uitgebreide blog voor werkgevers/HR.,werkgever stress blog,WebSearch,E
72,shiftbase.com,C5,4,0.665,MEDIUM (DR 30-60),estimated,2026,https://www.shiftbase.com/nl/blog/hr-wetgeving,Wat verandert er in HR-wetgeving per 1 januari 2026?,HR,"Werkgevers, planners en HR-medewerkers in shift-based sectoren (retail, horeca, zorg, productie).",Actieve NL HR-blog met vitaliteit/HR-trends content; software-vendor blogs verwelkomen vaak gastexpert-bijdragen voor SEO en thought leadership.,Werknemersvitaliteit als HR-trend 2026: zenuwstelselregulatie als praktische invulling voor planningsintensieve sectoren.,pitch via redactie,niet gevonden,Workforce-management tool met uitgebreide NL blog over HR-platformen,HR-software vendor blog Nederland werkgever,WebSearch,F
73,svland.nl,C16,4,0.665,MEDIUM (DR 30-60),estimated,2026,https://www.svland.nl/kennisbank/whk-premie,Whk-premie: WGA en Ziektewet per sector (2026),arbo,"Casemanagers, HR-functionarissen, eigenrisicodragers en verzuim-specialisten die opleidingen en kennisbank-artikelen volgen.","Autoriteit sociale zekerheid + opleiding casemanager — vakpubliek voor verzuim/WIA, kennisbank is gastartikel-vriendelijk thema.",Hoe casemanagers en eigenrisicodragers zenuwstelsel-perspectief inbouwen om Whk-premies en WIA-instroom te beperken.,pitch via redactie,niet gevonden,Verzuimspecialist met kennisbank casemanagement effectief verzuim.,casemanagement ziekteverzuim,WebSearch,B
74,yezzer.nl,C5,4,0.665,MEDIUM (DR 30-60),estimated,2026,https://www.yezzer.nl/blog/nieuwe-wet-en-regelgeving-ondernemers,Nieuwe wet- en regelgeving voor ondernemers in 2026 en 2025 op een rij,ondernemer,"Ondernemers, zzp'ers en MKB-werkgevers over AOV, WIA, ziekteverzuim en wetgeving.",Verzuim/AOV-blog met actuele wetgeving en praktische artikelen voor ondernemers; geschikt voor expertbijdrage over verzuim/preventie.,Zenuwstelselregulatie als zzp- en MKB-onderbouwing onder verzuim- en AOV-preventie.,pitch via redactie,niet gevonden,Blog van verzuim-experts met praktische artikelen over verzuimgesprekken,ondernemers blog Nederland verzuim,WebSearch,F
75,youforce.nl,C10,4,0.665,MEDIUM (DR 30-60),estimated,2026,https://youforce.nl/nieuws/wie-wordt-de-hr-professional-van-het-jaar-2026,Wie wordt de HR-Professional van het Jaar 2026?,HR,"HR-professionals, payrollers en HR-managers bij organisaties die Youforce (Visma Raet) gebruiken voor HR & salaris.","Actief NL HR-vendor blog met HR-Professional van het Jaar verkiezing en redactionele content — gastartikel mogelijk, sterke werkgever-doelgroep.",Welke HR-professional onderscheidt zich in 2026? Zenuwstelsel-bewust HR-beleid als nieuwe pijler.,pitch via redactie,niet gevonden,HR & salarisplatform van Visma met werkgever-content,"""Visma Raet"" blog gastauteur HR",WebSearch,B
76,zorgwelzijn.nl,C12,4,0.665,MEDIUM (DR 30-60),estimated,2026,https://www.zorgwelzijn.nl/dit-verandert-in-2026-voor-sociaal-werkers/,"Meer salaris, nieuwe richtlijnen, Ravijnjaar: dit verandert er voor jou als sociaal werker in 2026",zorgprof,"Sociaal werkers, jeugdzorg- en welzijnsprofessionals, beleidsmakers in sociaal domein.",Toonaangevend vakblad voor sociaal-werk met actuele 2026-content over werkdruk en CAO; expertbijdragen over werkdruk/burn-out goed passend.,Werkdruk in het sociaal domein: zenuwstelselregulatie als preventietool voor sociaal werkers die zelf uitvallen.,pitch via redactie,niet gevonden,Vakblad Zorg+Welzijn voor sociaal-zorgprofessionals met magazine en webartikelen.,Zorg en Welzijn vakblad publicatie auteur,WebSearch,F
77,cnv.nl,C15,4,0.65,HIGH (DR 60+),estimated,2025-2026,https://www.cnv.nl/nieuws/cnv-onderzoek-bijna-1-op-de-5-werkenden-zit-tegen-een-burn-out-aan/,CNV-onderzoek: bijna 1 op de 5 werkenden zit tegen een burn-out aan,werkgever,"Werknemers in onderwijs, zorg, overheid en bedrijfsleven — CNV-leden en breder publiek rond werkdruk/burn-out.",Vakbond met sterke autoriteit en actuele burn-out/werkdruk-content; geen typische gastauteurssite maar relevante pers/expertbijdrage mogelijk.,Hoe zenuwstelselregulatie werknemers beschermt tegen burn-out — een preventieve invalshoek voor vakbondsleden.,pitch via redactie,niet gevonden,CNV vakbond met sectorpagina's onderwijs/zorg/overheid en blogs over burn-out en werkdruk.,CNV Onderwijs HR blog,WebSearch,F
78,knmg.nl,C3,4,0.65,HIGH (DR 60+),estimated,2025-2026,https://www.knmg.nl/actueel/nieuws/nieuwsbericht/jurriaan-penders-benoemd-als-nieuwe-voorzitter-knmg-1,Jurriaan Penders benoemd als nieuwe voorzitter KNMG,bedrijfsarts,"Artsen, bedrijfsartsen en verzekeringsartsen — koepelorganisatie KNMG.",Toonaangevende artsenkoepel met bedrijfsartsen in cluster; nieuwswaarde voor expertcolumns rond verzuim en bedrijfsgeneeskunde.,Zenuwstelselregulatie als evidence-informed praktijk voor bedrijfsartsen — versterking van het spreekuurgesprek.,pitch via redactie,niet gevonden,Koepel Nederlandse artsenorganisaties; nieuws en standpunten over bedrijfsartsen.,bedrijfsgeneeskunde KNMG,WebSearch,F
79,medischcontact.nl,C3|C12,4,0.65,HIGH (DR 60+),estimated,2025-2026,https://www.medischcontact.nl/actueel/laatste-nieuws/artikel/niet-elke-bedrijfsarts-is-een-echte-bedrijfsarts,Niet elke bedrijfsarts is een echte bedrijfsarts,bedrijfsarts,"Artsen (huisartsen, specialisten, bedrijfsartsen) en KNMG-leden; gezaghebbend medisch vakblad in Nederland.","Gezaghebbend medisch vakblad met actieve content over bedrijfsartsen, verzuim en arbeidsongeschiktheid; hoge autoriteit, geschikt voor opinie/expert-bijdragen.",Voor bedrijfsartsen: zenuwstelsel-regulatie als evidence-informed kader om verzuim met onverklaarde klachten te benaderen.,pitch via redactie,niet gevonden,Vakblad KNMG met blogs en opinies over bedrijfsgezondheidszorg en bedrijfsartsen.,bedrijfsgezondheidszorg artikel,WebSearch,C
80,nn.nl,C16|C5|C7,4,0.65,HIGH (DR 60+),estimated,2025-2026,https://www.nn.nl/Zakelijk/Werkgever/Verzuim-voorkomen-in-de-praktijk-hoe-doe-je-dat.htm,Verzuim voorkomen in de praktijk: hoe doe je dat?,werkgever,Werkgevers (van MKB tot groot) die NN verzekeringen en verzuim-/arbo-producten afnemen of overwegen.,"Grote verzekeraar met sterk zakelijk content-platform inclusief verzuimcontent, branchecijfers en preventietips; hoge autoriteit en perfecte doelgroep (werkgevers).",Verzuim voorkomen in 2026: waarom zenuwstelsel-regulatie de ontbrekende laag is in jouw preventiebeleid.,pitch via redactie,niet gevonden,Verzekeraar Nationale-Nederlanden met zakelijk blog over stress en verzuim.,stress werkgever blog,WebSearch,C
81,tempo-team.nl,C1|C16,4,0.65,HIGH (DR 60+),estimated,2025-09-25,https://www.tempo-team.nl/werkgevers/hr-kennisbank/wet-en-regelgeving/verzuim/burn-out/burn-out-klachten,Burn-outklachten? Herken de symptomen als werkgever! | Tempo-Team,HR,Werkgevers en HR-managers — uitzendbureau met grote HR-kennisbank voor (re-integratie en burn-out).,Toonaangevende HR-kennisbank met actuele burn-out/re-integratie-content; corporate kanaal maar expertcontent past goed bij hun output.,"Burn-out herkennen is stap 1, regulatie van het zenuwstelsel is stap 2: praktische gids voor werkgevers.",pitch via redactie,niet gevonden,Uitzendbureau met uitgebreide HR-kennisbank over burn-out en verzuim voor werkgevers.,burn-out werkgevers verzuim,WebSearch,F
82,trimbos.nl,C4|C12,4,0.65,HIGH (DR 60+),estimated,2025-2026,https://www.trimbos.nl/actueel/blogs/5-stappen-naar-een-mentaal-gezondere-maatschappij/,5 stappen naar een mentaal gezondere maatschappij - Trimbos-instituut,psycholoog,"Beleidsmakers, GGZ-professionals, onderzoekers en sectorale werkgevers rond mentale gezondheid.",Hoogste autoriteit op NL mentale gezondheid; sterke wetenschappelijke onderbouwing nodig — gastexpertcontent via blog/onderzoeksagenda mogelijk.,Zenuwstelselregulatie als evidence-informed preventielaag in de Trimbos-aanpak voor mentale gezondheid op de werkplek.,pitch via redactie,niet gevonden,Kennisinstituut mentale gezondheid met sterke blogsectie over werk en welzijn.,Trimbos mentaal werkplek,WebSearch,F
83,vismaraet.nl,C10,4,0.65,HIGH (DR 60+),estimated,2025-2026,https://vismaraet.nl/kennis-hr-trends/het-pensioenakkoord-hoofdlijnen-en-tijdpad,Kennis: HR-trends en Pensioenakkoord (Visma Raet Youforce),HR,"HR-, salaris- en payrolladministratie-professionals in middelgrote/grote organisaties die Youforce gebruiken.",Grote HR-software-vendor (Youforce) met sterk kennisportaal en HR-trends-content; hoge autoriteit; redactionele invalshoeken via Youforce.nl blog passend.,HR Benchmark 2026: data tonen dat psychosomatisch verzuim stijgt — wat zenuwstelsel-regulatie hier toevoegt voor HR.,pitch via redactie,niet gevonden,Kennisbank met HR-blog en gastbijdragen van directie,"""Visma Raet"" blog gastauteur HR",WebSearch,C
84,vo-raad.nl,C15,4,0.65,HIGH (DR 60+),estimated,2025-10,https://www.vo-raad.nl/nieuws/leraren-meer-tevreden-maar-externe-factoren-stuwen-werkstress,"Leraren meer tevreden, maar externe factoren stuwen werkstress",onderwijs,"Schoolbestuurders, HR-functionarissen en beleidsmedewerkers in voortgezet onderwijs.","Sterke sector-autoriteit met expliciete werkstress-content (TALIS 2025, CAO-werkdrukmaatregelen) — gastauteur via sector-experts mogelijk.",Hoe schoolleiders zenuwstelsel-regulatie inbouwen in CAO-werkdrukmaatregelen voor het VO.,pitch via redactie,niet gevonden,Sectororganisatie voortgezet onderwijs met nieuws over werkstress en personeelsbeleid.,onderwijs HR blog NL,WebSearch,B
85,caop.nl,C15,3,0.645,HIGH (DR 60+),estimated,2026,https://www.caop.nl/artikelen/2026/30-jaar-lerarenbeleid-meer-urgentiebesef-en-samenhang-in-beleid-nodig-om-lerarentekort-te-verminderen/,30 jaar lerarenbeleid: meer urgentiebesef en samenhang in beleid nodig,HR,"Beleidsmakers, bestuurders en HR in de publieke sector (onderwijs, overheid, defensie) op zoek naar arbeidsmarktontwikkelingen en arbeidsverhoudingen.",Sterk autoriteitsinstituut publieke sector; thema's werkdruk en duurzame inzetbaarheid relevant maar academisch georiënteerd.,Werkdruk in onderwijs/overheid: zenuwstelsel-regulatie als structurele HR-strategie voor publieke sectoren.,pitch via redactie,niet gevonden,Kennisinstituut publieke sector met publicaties over arbeidsmarkt en werkdruk.,Arbeidsmarktplatform PO leraar,WebSearch,E
86,cz.nl,C7,3,0.645,HIGH (DR 60+),estimated,2026,https://www.cz.nl/zakelijk/verzekeringen/inspiratie/toolkit-voordelen-collectief-contract,Collectieve zorgverzekering in 2026 – Toolkit voor werkgevers,werkgever,"MKB- en grotere werkgevers met collectief zorgcontract bij CZ, op zoek naar verzuim/inzetbaarheid-handvatten.","Sterke autoriteit zorgverzekeraar met rijke verzuim/MKB-content — corporate domein, gastauteurs zeldzaam maar redactie is professioneel en thematisch aligned.",Cijfers (€230/dag verzuim) gecombineerd met zenuwstelsel-interventies: ROI voor MKB-werkgevers met collectief contract.,pitch via redactie,niet gevonden,Zakelijk portaal van zorgverzekeraar CZ met uitgebreide verzuim- en inzetbaarheidscontent.,CZ zakelijk werkgever artikel,WebSearch,B
87,hays.nl,C4,3,0.645,HIGH (DR 60+),estimated,2026,https://www.hays.nl/carrieretrends-in-2026-dit-moet-elke-professional-weten,Carrieretrends in 2026: Dit moet elke professional weten,HR,"Professionals, recruiters en HR-managers in Nederland die werven en loopbaaninzichten zoeken.","Hoge autoriteit en HR-publiek, maar content is sterk loopbaan/AI-gedreven; welzijn is randthema.",Carriere-stress en het zenuwstelsel: waarom AI-druk in 2026 leidt tot een nieuwe burn-out-golf onder professionals.,pitch via redactie,niet gevonden,Recruiter met wellbeing-content gericht op werkgevers.,corporate wellbeing blog,WebSearch,A
88,hibob.com,C10,3,0.645,HIGH (DR 60+),estimated,2026,https://www.hibob.com/blog/hr-calendar/,Your essential HR calendar of key dates & events for 2026 | HiBob,HR,HR-professionals en people-teams bij scale-ups en internationale bedrijven; deels NL maar grotendeels Engelstalig.,"Internationaal HR-blog met deels NL content; sterke autoriteit en HR-engagement-themes, maar Engelstalig hoofdpubliek vermindert NL-specifieke fit.",Nervous system safety op de werkvloer als basis voor people-engagement bij scale-ups.,pitch via redactie,niet gevonden,HiBob HR-blog (NL-talig) over engagement en cultuur vanuit Amsterdam HQ,"""HiBob"" Nederland blog HR",WebSearch,F
89,kngf.nl,C8,3,0.645,HIGH (DR 60+),estimated,2026,https://www.kngf.nl/nieuws/uitstel-jaarverantwoording-mogelijk-bij-capaciteitsproblemen-vraag-uitstel-aan-voor-1-april/,Uitstel jaarverantwoording mogelijk bij capaciteitsproblemen,zorgprof,"Fysiotherapeuten en paramedici aangesloten bij KNGF, met focus op zorginkoop, vakontwikkeling en wetgeving.",Toonaangevend beroepsvakblad maar primair fysiotherapie-gericht; pitch moet specifiek aanhaken op psychosomatiek of FysioPraxis.,Zenuwstelsel-regulatie en somatic experiencing: wat psychosomatische fysiotherapeuten en HR kunnen leren van elkaar.,pitch via redactie,niet gevonden,Koepel beroepsvereniging fysiotherapeuten met FysioPraxis vakblad en nieuwskanalen.,KNGF fysiotherapie blog gastauteur,WebSearch,E
90,mkb.nl,C5,3,0.645,HIGH (DR 60+),estimated,2026,https://www.mkb.nl/artikelen/vooruitblik-op-januari,Vooruitblik op januari (2026),werkgever,"MKB-ondernemers en hun belangenbehartigers in Nederland; beleids-, regeldruk- en cao-content.",Brancheorganisatie met breed werkgevers-publiek en sterke autoriteit; redactie is overwegend beleids-/lobby-gedreven.,Personeelsbehoud in het MKB: kleine zenuwstelsel-investeringen die grote uitval voorkomen.,pitch via redactie,niet gevonden,MKB-Nederland brancheorganisatie met publicaties voor werkgevers,"""MKB Servicedesk"" OR ""De Ondernemer"" gastauteur",WebSearch,A
91,personio.com,C10,3,0.645,HIGH (DR 60+),estimated,2026,https://www.personio.com/blog/employment-law-in-2026/,UK employment law: Everything you need to know for 2026,HR,"HR-managers en CHRO's bij Europese MKB-bedrijven die Personio HR-software gebruiken, vooral DACH/UK/NL.","Sterke HR-autoriteit, NL-blog aanwezig en partnership Loket.nl, maar internationale focus (vooral UK/DACH) — gastauteur extern zeldzaam.",Zenuwstelsel-regulatie als nieuwe HR-trend 2026: data over verzuim en preventie voor Nederlandse MKB-werkgevers.,pitch via redactie,niet gevonden,Personio internationaal blog met NL-vertalingen over recruitment en performance,"""Personio"" Nederland blog HR",WebSearch,B
92,recruitee.com,C10,3,0.645,HIGH (DR 60+),estimated,2026,https://recruitee.com/nl/blog/strategisch-recruitment,8 tips voor strategisch recruitment in 2026,HR,"Recruiters, HR-managers en talent acquisition specialists die ATS-software gebruiken en recruitment-strategie ontwikkelen.","Sterke autoriteit en HR-publiek, maar primair recruitment-georiënteerd; retentie-hoek mogelijk relevant.",Hoe employer branding wint bij organisaties die zenuwstelsel-bewust werken — retentie via psychologische veiligheid.,pitch via redactie,niet gevonden,Recruitee NL blog over werving employer branding en HR-trends,"""Officient"" OR ""Recruitee"" blog NL gastauteur",WebSearch,E
93,unive.nl,C5,3,0.645,HIGH (DR 60+),estimated,2026,https://www.unive.nl/zakelijk/blog/winterchecklist-voor-zzpers,Winterchecklist voor zzp'ers in 2026,ondernemer,"ZZP'ers, MKB-ondernemers en werkgevers die Univé verzekeringen en zakelijke content gebruiken.","Grote verzekeraar met zakelijk blog en hoge autoriteit; content richt zich op zzp'ers/ondernemers, niet primair HR-managers; passend maar minder direct dan NN.nl.",Voor zzp'ers en ondernemers: zelf je zenuwstelsel reguleren als ultieme verzuimpreventie wanneer je geen ziektewet hebt.,pitch via redactie,niet gevonden,Verzekeraar met zakelijke blog over verzuim en CAO-vraagstukken,ondernemers blog Nederland verzuim,WebSearch,C
94,allesoverhr.nl,C13,4,0.635,MEDIUM (DR 30-60),estimated,2026-01,https://www.allesoverhr.nl/themas/voorspellingen-voor-de-arbeidsmarkt-in-2026/,Voorspellingen voor de arbeidsmarkt in 2026,HR,"HR-managers, recruiters en HR-professionals in Nederland; nieuws, trends en expertcontent.",Breed HR-platform met expertensectie en thema-artikelen — past goed bij gastartikel over verzuim/burn-out vanuit HR-perspectief.,AI-gedreven HR ontmoet het zenuwstelsel: waarom data-gedreven HR niet zonder lichaamskennis kan om burn-out te voorkomen.,pitch via redactie,https://www.allesoverhr.nl/contact/,Platform Alles over HR met expertcontent - HR-doelgroep.,Tijdschrift voor HRM gastauteur artikel,WebSearch,A
95,arboconcern.nl,C2|C16|C9,4,0.635,MEDIUM (DR 30-60),estimated,2026-03-25,https://www.arboconcern.nl/blog/plan-van-aanpak-voor-reintegratie:-voorbeeld-met-invulvelden,Plan van aanpak voor reintegratie: voorbeeld met invulvelden,HR,"Werkgevers en HR-managers die te maken hebben met ziekteverzuim, re-integratie en Wet verbetering poortwachter.",Actief verzuim-blog gericht op werkgevers met focus op PSA en langdurig verzuim — directe inhoudelijke match met zenuwstelsel-thema.,Wat de Arbeidsinspectie focus op PSA betekent voor werkgevers: zenuwstelsel-regulatie als concrete preventieve interventie.,geen info gevonden,niet gevonden,Arbodienst-blog met inhoudelijke verzuim-gerelateerde artikelen.,burnout verzuim arbo,WebSearch,E
96,cs-opleidingen.nl,C2,4,0.635,MEDIUM (DR 30-60),estimated,2025-12,https://cs-opleidingen.nl/actueel/iva-opleidingen-sluit-aan-bij-certify360-nieuwe-directeur-voor-cs-opleidingen,IVA Opleidingen sluit aan bij Certify360: nieuwe directeur voor CS Opleidingen,arbo,"Casemanagers, RCMS-professionals en arbeidsdeskundigen die zich opleiden of bijscholen.",Doelgroep casemanagers/regie verzuim is exact passend bij verzuim/burn-out content; opleider met boekenpublicatielijn biedt mogelijk gastauteursruimte.,Zenuwstelselregulatie als instrument voor casemanagers bij vastgelopen verzuimtrajecten.,pitch via redactie,niet gevonden,Opleider voor casemanagement met blog/actueel-sectie en studentbijdragen.,RCMS casemanagement,WebSearch,F
97,hsk.nl,C11,4,0.635,MEDIUM (DR 30-60),estimated,2026-04-09,https://hsk.nl/nieuws/,HSK en Vitalmindz fuseren onder de naam HSK,psycholoog,"Werknemers met psychische klachten, hun werkgevers/HR en verwijzers; HSK biedt zowel client- als werkgevers-trajecten.",Grote landelijke GGZ-keten met expliciete werkgevers-sectie en actieve nieuwsblog; doelgroep en thematiek matchen sterk.,"Zenuwstelsel-regulatie als preventieve schakel voor werkgevers, voorafgaand aan klinische HSK-zorg.",geen info gevonden,niet gevonden,HSK Groep - psychologische zorg en mental coaching voor werknemers met nieuwsblog.,mental coach blog NL stress werknemer,WebSearch,D
98,imkopleidingen.nl,C1|C13,4,0.635,MEDIUM (DR 30-60),estimated,2026-01-15,https://www.imkopleidingen.nl/thema/persoonlijke-effectiviteit/,"Persoonlijke effectiviteit | artikelen, podcasts en trainingen",HR,"HR-professionals, leidinggevenden en personeelszaken-medewerkers die zich willen verdiepen via opleidingen, podcasts en artikelen.","HR-opleider met content over werkgeluk, gespreksvaardigheden, persoonlijke effectiviteit; passende doelgroep en redactionele structuur (podcasts, artikelen) ondersteunen expert-bijdragen.",Persoonlijke effectiviteit met polyvagale lens: hoe leidinggevenden hun eigen zenuwstelsel reguleren als basis voor effectief leiderschap.,pitch via redactie,niet gevonden,HR-opleider met artikelen en podcasts; kennisruimte voor HR-expertise.,expertbijdrage HR,WebSearch,C
99,leidinggeven.com,C6,4,0.635,MEDIUM (DR 30-60),estimated,2026-05-18,https://leidinggeven.com/beslissingen-nemen,Beslissingen nemen als leidinggevende? 9 tips,HR,Managers en leidinggevenden in Nederland die praktische tips zoeken (Tijdwinst/Bjorn netwerk).,Sterke leidinggevenden-doelgroep met praktische blog; perfecte plek voor pitch over leidinggeven en verzuim/burn-out.,Goed leidinggeven begint bij je eigen zenuwstelsel: 5 tools waarmee managers burn-out in hun team voorkomen.,geen info gevonden,niet gevonden,Specialistenplatform over leidinggeven met praktische tips,leidinggeven blog Nederland artikel,WebSearch,A
100,nationalezorggids.nl,C12,4,0.635,MEDIUM (DR 30-60),estimated,2025-2026,https://www.nationalezorggids.nl/zorgverzekering/basispakket-2026-dit-zijn-de-opvallendste-veranderingen/,Basispakket 2026: dit zijn de opvallendste veranderingen,zorgprof,"Zorgprofessionals, mantelzorgers en geïnteresseerden in zorgnieuws, ouderenzorg, GGZ en zorgverzekeringen.",Breed zorgnieuwsplatform met dagelijkse updates en betaalde gastblog-optie; goede mogelijkheid voor verzuim-/burn-out-content gericht op zorgwerkgevers.,Verzuim in de zorg aanpakken vanuit het zenuwstelsel: praktische handvatten voor zorginstellingen die personeel willen behouden.,open call,niet gevonden,Zorgnieuwsplatform met betaalde maar laagdrempelige gastblogoptie voor professionals.,Nationale Zorggids artikel insturen,WebSearch,C
101,transvorm.org,C15,4,0.635,MEDIUM (DR 30-60),estimated,2026-01,https://www.transvorm.org/actueel/nieuws/sterk-in-je-werk-stopt/,"Sterk in je werk stopt, aandacht voor behoud blijft",zorgprof,"HR, P&O en bestuurders bij zorg- en welzijnswerkgevers in Noord-Brabant.",Regionale werkgeversorganisatie zorg/welzijn met actuele nieuws en behoud-/inzetbaarheidsthematiek; sterke match voor zenuwstelsel-content bij hoog-belaste zorgmedewerkers.,Behoud van zorgmedewerkers in 2026 via zenuwstelsel-regulatie: praktische tools na het stoppen van Sterk in je werk.,pitch via redactie,niet gevonden,Regionale werkgeversorganisatie zorg/welzijn Brabant met blogs en artikelen.,Transvorm zorg arbeidsmarkt,WebSearch,D
102,werkenveiligheid.nl,C2|C12,4,0.635,MEDIUM (DR 30-60),estimated,2025-12-22,https://www.werkenveiligheid.nl/rie/nieuwe-regels-voor-werken-met-lood-en-diisocyanaten-april-2026,Nieuwe regels voor werken met lood en diisocyanaten per april 2026,arbo,"Arbo-coördinatoren, preventiemedewerkers en HR-managers die RI&E en sociale veiligheid moeten regelen.","Kennisplatform met expliciete dossiers over duurzame inzetbaarheid, sociale veiligheid en preventie; actieve content; ideale doelgroep arbo/HR-preventie.",Sociale veiligheid begint met zenuwstelsel-veiligheid: een nieuwe lens op preventiebeleid en RI&E.,pitch via redactie,niet gevonden,Kennisplatform over preventie RI&E en sociale veiligheid; vitaliteitsbeleid en duurzame inzetbaarheid.,vitaliteit werk preventie,WebSearch,C
103,wij-leren.nl,C15,4,0.635,MEDIUM (DR 30-60),estimated,2025-12-02,https://wij-leren.nl/strategisch-HR-beleid-voor-onderwijsorganisaties.php,Strategisch HR-beleid voor onderwijsorganisaties,onderwijs,"Schoolleiders, leraren en HR-functionarissen in primair en voortgezet onderwijs die kennis zoeken over werkdruk, HR-beleid en CAO.","Onderwijskennisbank met meerdere actuele werkdruk-artikelen + strategische HR-beleid-content — auteurs uit het veld, gastbijdragen waarschijnlijk welkom.",Werkdruk-aanpak via zenuwstelsel-regulatie: praktische uitbreiding op de werkdrukbespreekbaarmaken-serie.,pitch via redactie,niet gevonden,Onderwijskennisbank met begrippenpagina's over HRM.,onderwijs HR blog NL,WebSearch,B
104,goingconcern.nl,C16,4,0.635,LOW (DR <30),estimated,2026-05-27,https://www.goingconcern.nl/blog/de-rol-van-een-re-integratiecoach:-wat-kun-je-verwachten,De rol van een re-integratiecoach uitgelegd,HR,"Werkgevers, HR en werknemers betrokken bij 2e-spoor re-integratie en burn-outherstel.",Zeer actieve blog (meerdere posts per maand) precies op burn-out/re-integratie-thema; sterke contentmarketing-cultuur die gastartikelen aannemelijk maakt.,Hoe zenuwstelsel-regulatie 2e-spoor re-integratie versnelt en terugval voorkomt — praktisch voor HR.,pitch via redactie,niet gevonden,Re-integratiebureau met blog gericht op werkgevers en burn-outtrajecten.,burn-out re-integratie blog,WebSearch,D
105,matchvermogen.nl,C2,4,0.635,LOW (DR <30),estimated,2026-03-30,https://matchvermogen.nl/,Logistiek sector en verzuim (arbeidsdeskundig advies),arbo,"Werkgevers, HR en verzuim-/re-integratiespecialisten die arbeidsdeskundig-onderzoek-content en sociale-zekerheid-vragen zoeken.","Actief blog (8+ recente artikelen 2025-2026) over arbeidsdeskundig onderzoek + verzuim — sterke thema-match, gastauteur waarschijnlijk welkom.",Hoe een arbeidsdeskundige zenuwstelsel-signalen leest om complexe verzuim-casussen sneller op te lossen.,pitch via redactie,niet gevonden,Arbeidsdeskundig blog over duurzame inzetbaarheid en sociale zekerheid.,arbeidsdeskundige blog,WebSearch,B
106,vitaliblij.nl,C7,4,0.635,LOW (DR <30),estimated,2026-02-16,https://www.vitaliblij.nl/wat-levert-een-vitaliteitsprogramma-echt-op/,Wat levert een vitaliteitsprogramma echt op? - VitaliBlij,HR,"HR-managers, directies en gemeenten die strategisch vitaliteitsmanagement inzetten.",Specialist blog rond vitaliteitsmanagement in gemeenten/organisaties met actuele 2026-content; gastexpert-bijdrage past goed bij blog-format.,Wat een vitaliteitsprogramma echt oplevert: zenuwstelselregulatie als de meetbare interventiecomponent.,pitch via redactie,niet gevonden,Blog gericht op vitaliteit binnen gemeenten en organisaties.,Menzis werkgever vitaliteit blog,WebSearch,F
107,icthealth.nl,C12,3,0.63,MEDIUM (DR 30-60),estimated,2026,https://www.icthealth.nl/nieuws/vijf-digitale-zorgtrends-voor-2026,Vijf digitale zorgtrends voor 2026,zorgprof,"Zorgprofessionals, CIO/IT en innovatiemanagers in NL gezondheidszorg.","Bekend vakblad zorg-IT met open redactie; thematisch grenzend aan e-health en mentale gezondheid, niet primair HR/verzuim.",Digitale tools voor zenuwstelsel-regulatie in de zorg: waarom HRV-data de volgende stap is in verzuimpreventie.,open call,https://www.icthealth.nl/nieuws/sloop-de-conventie-een-kans-nu-insturen-the-most-innovative-session,Vakblad zorginnovatie met laagdrempelig contact voor gastartikelen via redactie.,ICT Health Nederland artikel insturen,WebSearch,A
108,han.nl,C13,4,0.62,HIGH (DR 60+),estimated,2025-2026,https://www.han.nl/onderzoek/lectoraten/lectoraat-human-capital-innovations/,Lectoraat Human Capital Innovations,onderwijs,"Studenten, alumni en het werkveld van HBO-HRM, leven-lang-ontwikkelen-professionals en regionale werkgevers.","Hogeschool met sterk HRM-lectoraat en inhoudelijke onderzoeksbasis; potentieel zeer goede backlink-bron, mits via lectoraatpublicatie of blog.",Wetenschappelijk onderbouwde verbinding tussen zenuwstelsel-onderzoek en HRM-praktijk; samenwerking met lectoraat Human Capital Innovations.,gastauteur netwerk,niet gevonden,HAN lectoraat HRM en lectoraat Arbeid & Gezondheid - directe inhoudelijke match.,HAN HRM lectoraat blog publicatie,WebSearch,D
109,psychologiemagazine.nl,C11,4,0.62,HIGH (DR 60+),estimated,2025-04-15,https://www.psychologie.nl/artikel/5-misverstanden-over-pesten-sla-gewoon-terug-joh/,5 misverstanden over pesten,psycholoog,"Brede consumenten-doelgroep geinteresseerd in psychologie, mentale gezondheid en zelfontwikkeling.","Toonaangevend NL psychologie-platform met expert-content, accepteert proposals via redactie — sterke autoriteit, hoge doelgroep-relevantie.","Polyvagaal-theorie eenvoudig uitgelegd: hoe het zenuwstelsel mentale veerkracht stuurt, voor consumenten.",pitch via redactie,niet gevonden,Toonaangevend consumentenblad psychologie - accepteert journalistieke proposals via redactie.,Psychologie Magazine schrijven gastauteur,WebSearch,B
110,lerendeleiders.nl,C6,4,0.62,LOW (DR <30),estimated,2025-11-24,https://www.lerendeleiders.nl/persoonlijk-leiderschap,Artikel door Koos Groenewoud (Persoonlijk Leiderschap),coach,"Leiders en leidinggevenden die zich verdiepen in persoonlijk leiderschap, veranderprioriteit en rentmeesterschap; community-platform.",Heeft expliciet 'ook-bloggen'-pagina (open call voor gastauteurs!) over leiderschap — directe fit voor zenuwstelsel-bewust leiderschap.,Persoonlijk leiderschap begint in het zenuwstelsel: hoe leiders co-regulatie inzetten voor hun team.,open call|gastauteur netwerk,https://www.lerendeleiders.nl/ook-bloggen,Online community voor mensen die zich verdiepen in leiderschap,leiderschap blog Nederland gastauteur,WebSearch,B
111,fnv.nl,C15,3,0.615,HIGH (DR 60+),estimated,2026-01,https://www.fnv.nl/nieuwsbericht/algemeen-nieuws/2026/01/bezuinigingen-leiden-nooit-tot-breed-draagvlak,Bezuinigingen leiden nooit tot breed draagvlak,werkgever,"Werknemers, leden van vakbond FNV en sector-specifieke werknemersgroepen die werkdruk/cao-nieuws volgen.","Grote autoriteit en thema-match (1,3 mln Nederlanders met burn-out op FNV-agenda 2026) — gericht op werknemers, gastauteur via redactie zeldzaam.",Wat werknemers zelf kunnen doen aan zenuwstelsel-regulatie als sluitstuk op CAO-afspraken over werkdruk.,pitch via redactie,niet gevonden,FNV met uitgebreide content over werkdruk en burn-out voor sectoren en werkgevers.,FNV werkgever blog,WebSearch,B
112,arbeidsmarktplatformpo.nl,C15,3,0.615,MEDIUM (DR 30-60),estimated,2026-02,https://arbeidsmarktplatformpo.nl/nieuws/nieuwe-cao-afspraken-nu-beschikbaar-in-de-cao-po-app/,Nieuwe cao-afspraken nu beschikbaar in de CAO PO app,onderwijs,Schoolbestuurders en HR-functionarissen in primair onderwijs en onderzoekers/beleidsmakers rond werkdruk in PO.,Sterke thema-match (werkdruk leraren) maar publicaties zijn vooral eigen onderzoek/handreikingen — gastauteurs ongebruikelijk.,Zenuwstelsel-regulatie tegen werkdruk: praktische handreiking voor schoolbesturen om uitval onder leraren te verminderen.,pitch via redactie,niet gevonden,Expertisecentrum arbeidsmarkt primair onderwijs met onderzoeken over werkbelasting leraren.,Arbeidsmarktplatform PO leraar,WebSearch,B
113,coachfinder.nl,C11,3,0.615,MEDIUM (DR 30-60),estimated,2026-02-17,https://www.coachfinder.nl/,niet gevonden,coach,Consumenten en HR die een geverifieerde coach zoeken; platform van Psychologie Magazine met 800+ coaches.,"Platform gelinkt aan Psychologie Magazine, doelgroep coaches + zoekende consumenten — minder werkgever-focus, wel sterke autoriteit in coaching-NL.",Voor coaches/consumenten: hoe zenuwstelsel-regulatie als coaching-tool werkt bij stress en burn-out.,pitch via redactie,niet gevonden,Coachzoekplatform met informatieartikelen over beroepsverenigingen.,coach federatie Nederland blog,WebSearch,B
114,denkproducties.nl,C6,3,0.615,MEDIUM (DR 30-60),estimated,2026-09-18,https://www.denkproducties.nl/seminars/amsterdam-business-forum-2026,Amsterdam Business Forum 2026 | People Centered Leadership,ondernemer,"Leiders, ondernemers en directeuren die seminars en businessevents in Nederland bijwonen.",Sterke C-suite-doelgroep en blogcomponent rond leiderschap; eventblog vooral promotioneel — gastartikel mogelijk maar geen duidelijke open call.,People-centered leadership begint bij zenuwstelsel-regulatie: hoe topleiders zichzelf en hun team co-reguleren in onzekere tijden.,pitch via redactie,niet gevonden,Eventorganisator met blog over werkgeluk leiderschap en MT-thema's,"""BNR"" OR ""Quote"" OR ""Forbes Nederland"" ondernemers business leiderschap",WebSearch,D
115,othersideatwork.nl,C10,3,0.615,MEDIUM (DR 30-60),estimated,2026-02,https://www.othersideatwork.nl/actualiteiten,Compliance Monitor toegevoegd aan Xpert Suite (februari 2026),arbo,"Arbodiensten, bedrijfsartsen, casemanagers en werkgevers die Xpert Suite verzuimsoftware gebruiken.",Xpert Suite is leidende verzuimsoftware met klantverhalen en blog; content vooral product-/release-georienteerd; gastauteur mogelijk via klantverhaal-format.,Klantverhaal/casestudy: hoe organisaties met zenuwstelsel-perspectief verzuimcijfers in Xpert Suite zien dalen.,pitch via redactie,niet gevonden,Xpert Suite verzuimsoftware met klantverhalen en gedragsmatige visie op verzuim,verzuimsoftware blog Nederland werkgever,WebSearch,C
116,schoonmakendnederland.nl,C4,3,0.615,MEDIUM (DR 30-60),estimated,2026-05-22,https://www.schoonmakendnederland.nl/kennisbank/artikel/2026/05/22/nieuwsoverzicht-week-21-2026,Nieuwsoverzicht week 21 | 2026,werkgever,"Werkgevers in schoonmaakbranche en glazenwassers die brancheinfo, CAO en duurzame inzetbaarheid volgen.","Brancheorganisatie met actuele kennisbank, DI-thema — werkgevers in fysiek-belastende sector. Gastartikel via branche-experts mogelijk.",Zenuwstelsel-regulatie tegen fysieke en mentale belasting in schoonmaak: praktijkcase voor brancheleden.,pitch via redactie,niet gevonden,Brancheplatform schoonmaak met kennisbankartikelen incl. gastbijdragen vitaliteit.,arbodienst kennisbank vitaliteit,WebSearch,B
117,yoobi.nl,C10,3,0.615,MEDIUM (DR 30-60),estimated,2026-02-26,https://www.yoobi.nl/blog/de-arbeidsmarkt-verandert-wat-gebeurt-er-in-2026-en-2027,De arbeidsmarkt verandert: wat gebeurt er in 2026 en 2027,HR,"Projectmanagers, ondernemers en HR-medewerkers die uren-, planning- en HR-software gebruiken.",SaaS-vendor met arbeidsmarkt-/HR-blog; thematisch raakt het verzuim/loon-content maar de zenuwstelsel-hoek is een sprong.,Arbeidsmarkt 2026: hoe verzuim-data en zenuwstelsel-werk samen meer opleveren dan loonsverhogingen.,pitch via redactie,niet gevonden,Software voor uren verlof en HR met blog voor managers en HR,"""Tellow"" OR ""Exact"" OR ""Yoobi"" ondernemers blog HR personeel",WebSearch,A
118,deondernemer.nl,C5,4,0.605,HIGH (DR 60+),estimated,niet gevonden,niet gevonden,niet gevonden,ondernemer,MKB-ondernemers en zelfstandigen — breed Nederlandstalig ondernemersplatform van DPG Media.,Toonaangevend ondernemersmedium met personeelssectie; geen site:-hits maar het platform staat bekend om expertbijdragen en columns van ondernemers.,Ondernemer met personeel: hoe je zelf en je team uit de burn-outzone houdt via zenuwstelselregulatie.,pitch via redactie,niet gevonden,Vakmedia-platform voor ondernemers met categorie Personeel en podcasts,"""ondernemer.nl"" OR ""ikgastarten"" OR ""deondernemer.nl"" gastblog",WebSearch,F
119,aeno.nl,C9,4,0.605,MEDIUM (DR 30-60),estimated,2026,https://www.aeno.nl/wendbaar-vooruitkijken-naar-het-nieuwe-jaar,Wendbaar vooruitkijken naar het nieuwe jaar,HR,"HR-professionals, leidinggevenden en bestuurders bij Nederlandse gemeenten.","Sterke thematische match: vitaliteitsbeleid en duurzame inzetbaarheid bij gemeenten, doelgroep HR-managers; zenuwstelsel-regulatie sluit aan op verzuim-/welzijnsdossiers.","Zenuwstelsel-regulatie als praktische bouwsteen in vitaliteitsbeleid voor gemeentelijke HR, met focus op stress-/verzuimreductie bij medewerkers.",geen info gevonden,niet gevonden,A&O fonds Gemeenten met blog en kennisbank over vitaliteit en thuiswerken.,gemeente werkgevers vitaliteit blog,WebSearch,D
120,archipelacademy.com,C4,4,0.605,MEDIUM (DR 30-60),estimated,2026,https://www.archipelacademy.com/blog/mentale-veerkracht-als-skill-waarom-het-essentieel-is,Mentale veerkracht als skill: waarom het essentieel is,HR,"L&D- en HR-professionals die leerplatformen inzetten voor talentbehoud, mentale veerkracht en compliance-leren.",Recente artikelen over mentale veerkracht en talentbehoud passen direct bij burn-out/zenuwstelsel-thematiek voor HR-publiek.,Mentale veerkracht als skill: zenuwstelsel-regulatie als trainbare vaardigheid voor duurzame inzetbaarheid.,geen info gevonden,niet gevonden,Leerplatform met blogartikelen over vitaliteitsmanagement.,vitaliteitsmanager blog,WebSearch,E
121,bedrijfsfitnessnederland.nl,C2|C4,4,0.605,MEDIUM (DR 30-60),estimated,2025,https://www.bedrijfsfitnessnederland.nl/kennisbank/burn-outpreventie-via-employee-benefits-cijfers-oorzaken-en-oplossingen,"Burn-outpreventie via employee benefits: cijfers, oorzaken en oplossingen",HR,HR-managers en werkgevers die employee benefits inzetten als instrument voor vitaliteit en burn-outpreventie.,"Actuele kennisbank over burn-outpreventie met cijfers (Arbobalans 2025, RIVM) gericht op HR-werkgevers — sterke thema-match en publiceerd kennisartikelen.",Zenuwstelsel-regulatie als employee benefit: meetbare ROI voor werkgevers naast traditionele fitness/wellness-pakketten.,pitch via redactie,niet gevonden,Kennisbank met artikelen over burn-outpreventie en employee benefits.,burn-out preventie cijfers,WebSearch,B
122,coaching.nl,C11,4,0.605,MEDIUM (DR 30-60),estimated,2025-12-17,https://www.coaching.nl/coach/,Archief Coaches (laatste profielen tot dec 2025),coach,"Coaches en cliënten die op zoek zijn naar coachprofielen, tools en artikelen over persoonlijke ontwikkeling.",Landelijk coachingsplatform met content-archief en coach-profielen; open structuur voor expertbijdragen; thematisch goed passend bij zenuwstelsel/burn-out.,Zenuwstelsel-regulatie als toolkit voor coaches die werken met cliënten die uitvallen door werkstress.,gastauteur netwerk,niet gevonden,Landelijk coachingsplatform met artikelarchief en online tools - ruimte voor gastinhoud.,coaching platform Nederland gastauteur artikel,WebSearch,C
123,gezondinbedrijf.com,C7,4,0.605,MEDIUM (DR 30-60),estimated,2025,https://gezondinbedrijf.com/programma/230-opleiding-verzuim-vitaliteit,Opleiding Verzuim & Vitaliteit (2025-2026),HR,"Vitaliteitsmanagers, HR-professionals en bedrijfsmaatschappelijk werkers in NL.",Specialistische business school rond verzuim en vitaliteit met juiste doelgroep — sterke fit voor gastartikel.,Van vitaliteitsmodel naar zenuwstelsel-praktijk: drie tools die vitaliteitsmanagers direct kunnen inzetten tegen burn-out.,pitch via redactie,niet gevonden,Business school voor verzuim & vitaliteit met blog gericht op HR en leidinggevenden.,Zilveren Kruis werkgevers blog,WebSearch,A
124,gortcoaching.nl,C11,4,0.605,MEDIUM (DR 30-60),estimated,2026,https://gortcoaching.nl/het-gesprek-aan-gaan-over-werkdruk-een-praktische-gids-voor-leidinggevenden-en-hr/,Het gesprek aan gaan over werkdruk: een praktische gids voor leidinggevenden en HR,HR,"Werkgevers, leidinggevenden en HR die coaching, burn-out preventie en werkdruk-gesprekken willen aanpakken.","Actieve kennisbank rond burn-out, werkdruk en HR met zeer recente artikelen — sterke thematische match.",Quiet Quitting en werkdruk: zenuwstelsel-signalen die HR en leidinggevenden eerder moeten herkennen.,geen info gevonden,niet gevonden,Mental coachingsbureau met praktische werknemerstress-content.,mental coach blog NL stress werknemer,WebSearch,E
125,greatplacetowork.nl,C4|C6,4,0.605,MEDIUM (DR 30-60),estimated,2025,https://www.greatplacetowork.nl/inspiratie/blog/lees-en-luistertips-zomer-2025,5 lees- en luistertips voor de zomer van 2025,HR,"Werkgevers en HR die werkcultuur, employer branding en certificering willen verbeteren.",Bekend HR/werkgeverschap-merk met inspiratie-blog en werkstress-content — sterke autoriteit en juiste doelgroep.,Een great place to work begint bij een gereguleerd zenuwstelsel: hoe HR cultuur vormt vanuit lichaamsbewustzijn.,pitch via redactie,niet gevonden,Werkgeverscertificering met inspiratieblog over werkstress en burn-out.,burn-out blog werkgever,WebSearch,A
126,habeoplus.nl,C13,4,0.605,MEDIUM (DR 30-60),estimated,2026,https://habeoplus.nl/opleidingen/hrm/duurzame-inzetbaarheid/casemanagement-regie-op-verzuim-crov,Opleiding Casemanagement Regie op Verzuim,HR,"HR-professionals, casemanagers en leidinggevenden die zich willen na- of bijscholen op duurzame inzetbaarheid en verzuim.","Opleider met directe HR/casemanagement/verzuim-focus; zeer relevante doelgroep, redactionele blog onduidelijk maar opleidingencontent vormt expert-context.",Casemanagers regie laten voeren met zenuwstelsel-bril: van symptoomtracking naar duurzame inzetbaarheid.,geen info gevonden,niet gevonden,Habeo+ (Avans-gerelateerd) blog met HRM-masterthema's.,master HRM blog Nederland onderzoek werk,WebSearch,C
127,hrnavigator.nl,C2|C10,4,0.605,MEDIUM (DR 30-60),estimated,2025,https://hrnavigator.nl/blog/,Blog van HR-vergelijkingssite HR Navigator,HR,HR-managers en werkgevers die HR-diensten zoeken en informatie over verzuim/RI&E/wetgeving willen.,"HR-vergelijkingssite met dedicated blog over verzuim en HR-trends, gericht op werkgevers — gastartikel waarschijnlijk welkom, sterke commerciele/HR-context.",Hoe HR-managers zenuwstelsel-signalering inbouwen in verzuimprotocol om psychisch verzuim te verlagen.,pitch via redactie,niet gevonden,Praktisch HR-blog over verzuim met aandacht voor roze verzuim en burn-out signalering.,HR community blog verzuim,WebSearch,B
128,leiderschapeninzetbaarheid.nl,C2|C16,4,0.605,MEDIUM (DR 30-60),estimated,2025,https://leiderschapeninzetbaarheid.nl/blog,Kennisbank (overzichtspagina),HR,HR-professionals en leidinggevenden die zelfmanagement in health-management willen invoeren; initiatief van Mensely.,"Thematische kennisbank rond leiderschap, inzetbaarheid en verzuim; perfecte match voor zenuwstelsel-pitch.",Zenuwstelsel-bewust leiderschap: hoe leidinggevenden de inzetbaarheid van hun team direct kunnen beïnvloeden.,pitch via redactie,niet gevonden,Blog over leiderschap en verzuim/burn-out begeleiding door werkgevers.,HR community verzuim,WebSearch,E
129,loyalis.nl,C7,4,0.605,MEDIUM (DR 30-60),estimated,2025,https://www.loyalis.nl/zakelijk/nieuws/voorwaarden-vitaliteitsbudget-2026,Per 1-1-2026 wijzigen de voorwaarden Vitaliteitsbudget,werkgever,"Werkgevers in zorg, bouw, overheid en onderwijs met inkomensverzekering en vitaliteitsbudgetten.",Inkomensverzekeraar met sterke werkgeversfocus en expliciete vitaliteit/AOV-content — match voor verzuim-preventie pitch.,Hoe vitaliteitsbudget rendeert: zenuwstelsel-interventies die AOV-claims daadwerkelijk verminderen.,pitch via redactie,niet gevonden,Specialist inkomensverzekering met content voor werkgevers in zorg/bouw/onderwijs/overheid.,inkomensverzekeraar blog werkgever,WebSearch,A
130,publiekdenken.nl,C9,4,0.605,MEDIUM (DR 30-60),estimated,2025,https://specials.publiekdenken.nl/special-pilot-duurzame-cao-rijk-2025/voorwoord,Special pilot Duurzame CAO Rijk 2025,HR,"Ambtenaren, HR-professionals en bestuurders in rijks-, provincie- en gemeente-overheid.",Online magazine voor overheid met specials over duurzame inzetbaarheid en CAO Rijk — geschikte plek voor expertbijdrage over verzuim/welzijn ambtenaren.,Zenuwstelselregulatie als onderbouwing van vitaliteitsclausules in de Duurzame CAO Rijk.,pitch via redactie,niet gevonden,Online magazine voor publieke sector met content over A&O-fondsen.,A&O fonds Rijk blog,WebSearch,F
131,sazas.nl,C4,4,0.605,MEDIUM (DR 30-60),estimated,2025,https://www.sazas.nl/werkgever/nieuws-voor-werkgevers/2025/verzuim-voorkomen-en-verminderen-sazas-zet-verzuimtrends-2026-op-een-rij,Verzuimtrends 2026: om rekening mee te houden,werkgever,"Werkgevers en accountants met verzuimverzekering Sazas (De Goudse), focus op preventie en verzuimcijfers.","Verzuimverzekeraar met kennisbank over verzuim, preventie en trends — sterke thematische match.",Verzuimtrends 2026 voorbij: hoe zenuwstelsel-regulatie de meeste sectorspecifieke verzuim-categorieen raakt.,pitch via redactie,niet gevonden,Verzuimverzekeraar met uitgebreide kennisbank over vitaliteit en preventie.,vitaliteit werkgever blog,WebSearch,E
132,liberi.nl,C2,4,0.605,LOW (DR <30),estimated,2026-04-03,https://liberi.nl/,Pesso therapie en fundamentele basisbehoeften (april 2026),coach,Mensen met stress- en burn-outklachten en hun werkgevers die zoeken naar coaching en behandelaanbod.,"Burn-out specialist met regelmatige blog/podcast (Rasti Rostelli, Pesso); thematisch zeer sterk passend; peer/coach netwerk.","Pesso, polyvagaal en praktijk: hoe lichaamsgerichte therapieën convergeren rond zenuwstelsel-regulatie bij burn-out.",gastauteur netwerk,niet gevonden,Coachingplatform met burn-out en bedrijfsgezondheid artikelen voor HR.,burn-out HR coaching,WebSearch,C
133,zorgenwelzijnzhz.nl,C15,4,0.605,LOW (DR <30),estimated,2026,https://www.zorgenwelzijnzhz.nl/nieuws/werk-en-mantelzorg-in-de-zorg-steeds-vaker-een-dubbele-rol,Werk en mantelzorg in de zorg: steeds vaker een dubbele rol,zorgprof,HR en leidinggevenden bij zorg- en welzijnswerkgevers in Zuid-Holland-Zuid.,"Regionaal werkgeversplatform met actuele welzijnsblog en HR-workshops (mantelzorg, opleiden); doelgroep HR/leidinggevenden zorg/welzijn matcht.",Zenuwstelsel-regulatie voor zorgmedewerkers met dubbele rol (werk + mantelzorg) — praktisch handvat voor HR/leidinggevenden ZHZ.,pitch via redactie,niet gevonden,Regionaal werkgeversplatform Zuid-Holland-Zuid met nieuws zorg & welzijn.,SectorplanPlus zorg welzijn,WebSearch,D
134,ikgastarten.nl,C5,2,0.595,HIGH (DR 60+),estimated,2026-04-20,https://www.ikgastarten.nl/bedrijf-starten/juridisch/prinsjesdag-2024-ondernemers,Zelfstandigenaftrek en startersaftrek 2026,ondernemer,"Startende zelfstandige ondernemers/zzp'ers die financiele, juridische en startersinformatie zoeken (Rabobank).","Rabobank-platform met starters-content (belasting, regelingen) — vooral fiscaal/juridisch, weinig burn-out/verzuim-thema, gastauteur extern zeldzaam.",Voor zzp/starters: zenuwstelsel-regulatie als preventie van eigen burn-out en arbeidsongeschiktheid.,pitch via redactie,niet gevonden,KvK-platform voor startende ondernemers met startersverhalen,"""ondernemer.nl"" OR ""ikgastarten"" OR ""deondernemer.nl"" gastblog",WebSearch,B
135,managementstart.nl,C6,4,0.59,MEDIUM (DR 30-60),estimated,niet gevonden,https://www.managementstart.nl/,niet gevonden,HR,"Managers, directeuren en leidinggevenden die zich oriënteren op managementkennis.",First impression noemt open uitnodiging om te publiceren — directe pitch-route mogelijk; doelgroep managers past bij verzuim/burn-out content.,Hoe leidinggevenden teamprestatie verhogen via zenuwstelselregulatie en co-regulatie.,open call,niet gevonden,Platform voor managers en directeuren met open uitnodiging om te publiceren,directeur platform Nederland artikel publiceren,WebSearch,F
136,niped.nl,C4,4,0.59,MEDIUM (DR 30-60),estimated,2025-05-15,https://niped.nl/nieuws/overname-niped-door-robidus/,Niped: strategische overname markeert nieuw hoofdstuk,arbo,"Werkgevers, HR en arbo-professionals die preventieve gezondheidschecks (PMO/PAGO) afnemen.",Preventie/gezondheidscheck-aanbieder met sterke kennisbank en webinars over werkvloer-gezondheid; gastexpertcontent aannemelijk.,Zenuwstelselsignalen als vroege voorspeller van uitval — aanvulling op PMO en preventieve gezondheidsanalyses.,pitch via redactie,niet gevonden,Preventief gezondheidsplatform met kennisbank over mentale klachten.,mentaal welzijn werkgever,WebSearch,F
137,regioplus.nl,C15,4,0.59,MEDIUM (DR 30-60),estimated,2025-2026,https://regioplus.nl/subsidie-sectorplanplus-stopt-definitief-per-1-januari-2026/,Subsidie SectorplanPlus stopt definitief per 1 januari 2026,HR,Werkgevers en HR-managers in zorg en welzijn — regionale werkgeversorganisaties zorg/welzijn.,Regionaal werkgeverskanaal zorg & welzijn met sterke uitstroom/verzuim-data; geschikte plek voor expertbijdrage over personeelsbehoud via zenuwstelselregulatie.,Hoe zorgwerkgevers uitstroom verminderen via zenuwstelselregulatie — een retentie-instrument naast strategisch opleiden.,pitch via redactie,niet gevonden,Samenwerking regionale werkgeversorganisaties zorg & welzijn met blog over personeel.,RegioPlus zorgwerkgever blog,WebSearch,F
138,sterkdoorwerk.nl,C4,4,0.59,MEDIUM (DR 30-60),estimated,2025-2026,https://sterkdoorwerk.nl/sdw-content/interview-met-stefan-groothuis-over-openheid-op-de-werkvloer/,Interview met Stefan Groothuis over openheid op de werkvloer,HR,"GGZ, UWV, gemeenten, werkgevers en re-integratieprofessionals binnen het convenant Sterk door Werk 2024-2026.",Convenantplatform GGZ-werkgevers-keten met circa 94 artikelen in 2025; sterke match voor psychische kwetsbaarheid/werk en gastinterviews.,Zenuwstelsel-regulatie als brug tussen GGZ-behandeling en duurzame inzetbaarheid op de werkvloer — case voor werkgevers.,pitch via redactie,niet gevonden,Platform gericht op preventie en arbeidsongeschiktheid bij werkenden.,preventie werknemer blog,WebSearch,D
139,stigas.nl,C4|C15,4,0.59,MEDIUM (DR 30-60),estimated,2025-2026,https://www.stigas.nl/vitaliteit/blog/vitaliteit-op-de-werkvloer,10 tips voor meer vitaliteit op de werkvloer | Stigas,arbo,Werkgevers en werknemers in de groene en agrarische sector (Colland-werkgevers).,Arbo-aanbieder met actief vitaliteitsblog en coaching; sterke fit voor expertbijdrage over zenuwstelselregulatie binnen vitaliteitsscan-context.,Vitaliteit voorbij scan en tips: hoe zenuwstelselregulatie het effect van vitaliteitscoaching versterkt.,pitch via redactie,niet gevonden,Arbo-organisatie voor groene sector met vitaliteitscontent voor werkgevers.,vitaliteit werkgever blog,WebSearch,F
140,vds.nl,C6,4,0.59,MEDIUM (DR 30-60),estimated,2025-07,https://vds.nl/blog/leiderschap-in-het-ai-tijdperk/,Leiderschap in het AI-tijdperk | VDS Training Consultants,HR,"Leidinggevenden, L&D-professionals en HR die leiderschapsprogramma's inkopen — onderdeel van GITP.",Toonaangevend NL leiderschapstrainingsbureau met actieve blog; passend voor expertbijdrage over zenuwstelselregulatie als leiderschapsvaardigheid.,"Iedereen is een leider: hoe co-regulatie van het zenuwstelsel het kernfundament wordt voor moderne, niet-hiërarchische leiderschapsculturen.",pitch via redactie,niet gevonden,VDS training met blog over leiderschap en teamontwikkeling,leiderschap blog Nederland gastauteur,WebSearch,F
141,volandis.nl,C9,4,0.59,MEDIUM (DR 30-60),estimated,2025-2026,https://www.volandis.nl/nieuws/nieuw-toolbox-veilig-werken-in-de-warmte-en-hitte,Nieuw: Toolbox Veilig werken in de warmte en hitte,arbo,"Werkgevers, arbodiensten en werknemers in de bouw & infra die zich richten op duurzame inzetbaarheid en gezondheid.",Sectorkenniscentrum DI bouw met actieve content over fysieke en mentale belasting; doelgroep arbodiensten + werkgevers; thematisch sterk passend.,Bouwvakkers en zenuwstelsel: hoe fysieke en mentale belasting samenkomen en wat werkgevers in bouw kunnen doen.,pitch via redactie,niet gevonden,Kenniscentrum duurzame inzetbaarheid bouw & infra met blog over verzuimpreventie.,SER blog werkgever Nederland,WebSearch,C
142,asr.nl,C16,3,0.585,HIGH (DR 60+),estimated,2026,https://www.asr.nl/blog/veranderingen-wonen-en-hypotheken-2026,Veranderingen voor wonen en hypotheken in 2026 | Blogs | a.s.r.,werkgever,"Particuliere en zakelijke klanten van a.s.r. (werkgevers, ondernemers, particulieren).","Sterke autoriteit en zakelijke werkgeverssectie, maar corporate blog van verzekeraar zonder open call voor externe auteurs.",Vitaliteit en zenuwstelselregulatie als preventieve laag in verzuimverzekeringsproducten voor MKB-werkgevers.,geen info gevonden,niet gevonden,Verzekeraar a.s.r. met zakelijk blog over slaap en werknemerswelzijn.,slaaptips werkgever,WebSearch,F
143,berenschot.nl,C1,3,0.585,HIGH (DR 60+),estimated,2025,https://www.berenschot.nl/artikelen/hr-beleidsthema-s,De belangrijkste hr-beleidsthema's van 2025 op een rij,HR,"HR-directies, leidinggevenden en bestuurders in zowel publieke als private organisaties die HR-beleid en duurzame inzetbaarheid uitwerken.","Hoog autoriteitsdomein met HR-trendsonderzoek 2025-2026; vooral eigen onderzoekers, beperkte open call voor gastauteurs.",Zenuwstelsel-regulatie als nieuwe HR-beleidspijler: van reactief verzuim-management naar preventief PSA-beleid.,pitch via redactie,niet gevonden,Adviesbureau met inhoudelijke artikelen over duurzame inzetbaarheid en HR.,duurzame inzetbaarheid artikel,WebSearch,E
144,centraalbeheer.nl,C1|C16,3,0.585,HIGH (DR 60+),estimated,2025,https://www.centraalbeheer.nl/zakelijk/artikelen/actuele-cijfers-en-trends-instroom-verzuim-en-arbeidsongeschiktheid,Actuele cijfers en trends instroom verzuim en arbeidsongeschiktheid,werkgever,"MKB- en grotere werkgevers die zakelijk verzekerd zijn (verzuim, WIA) en zoeken naar duurzame inzetbaarheid-handvatten.","Sterke autoriteit en thema-match (verzuim, DI, WIA) maar corporate verzekeraar — gastauteurs zelden, meer gericht op eigen content.",Zenuwstelsel-regulatie als preventieve interventie bij groeiende WIA-instroom: praktijkcase voor verzekerde werkgevers.,pitch via redactie,niet gevonden,Verzekeraar zakelijke blog met Lekker Bezig programma over duurzame inzetbaarheid.,duurzame inzetbaarheid blog,WebSearch,B
145,goudse.nl,C5,3,0.585,HIGH (DR 60+),estimated,2026,https://www.goudse.nl/algemeen/vgg-site/nieuws-links-vgg/de-nieuwe-aow-bedragen-vanaf-1-januari-2026,De nieuwe AOW bedragen vanaf 1 januari 2026 zijn bekend,ondernemer,"MKB-ondernemers en adviseurs die verzuim-, AOV- en inkomensverzekeringen afsluiten.",Sterke autoriteit met verzuimverzekeringscontent voor MKB; corporate verzekeraarssite met beperkte ruimte voor externe gastauteurs.,Verzuimpreventie via zenuwstelselregulatie — een onderbenutte schakel voor MKB-werkgevers met verzuimverzekering.,geen info gevonden,niet gevonden,De Goudse verzekeraar met praktische tips voor MKB over verzuim,Nederlandse ondernemers magazine personeel verzuim,WebSearch,F
146,interpolis.nl,C5,3,0.585,HIGH (DR 60+),estimated,2025,https://www.interpolis.nl/service/zorg/prinsjesdag,Veranderingen in je zorgverzekering 2026,werkgever,Consumenten en MKB-ondernemers in NL; verzekeringsmateriaal en magazine-artikelen.,Hoge DR en magazine met ondernemerscontent; gastauteurschap zeldzaam maar magazine-format biedt mogelijke pitch.,Personeel behouden vraagt om zenuwstelsel-bewustzijn: hoe MKB-werkgevers verzuim verminderen voor de polis betaalt.,pitch via redactie,niet gevonden,Verzekeraar met magazine Welbevinden over personeel behouden,Nederlandse ondernemers magazine personeel verzuim,WebSearch,A
147,nvz-ziekenhuizen.nl,C15,3,0.585,HIGH (DR 60+),estimated,2025,https://nvz-ziekenhuizen.nl/actualiteit-en-opinie/gedeelde-besluitvorming-loont-lagere-vertrekintentie-zorg-en-sociaal-domein,Gedeelde besluitvorming loont: lagere vertrekintentie in zorg en sociaal domein,HR,"Ziekenhuisbestuurders, HR-directie en stafmedewerkers in NL ziekenhuizen.",Brancheorganisatie ziekenhuizen met sterke HR/arbeidsmarkt-content; redactie is beleidsgericht maar opinieartikelen mogelijk.,Vertrekintentie in de zorg: zenuwstelsel-werk als ontbrekend onderdeel van duurzaam HR-beleid in ziekenhuizen.,pitch via redactie,niet gevonden,Vereniging Nederlandse Ziekenhuizen met opinieartikelen over HR-beleid in zorg.,zorg HR blog Nederland,WebSearch,A
148,defysiotherapeut.com,C16,3,0.585,MEDIUM (DR 30-60),estimated,2026,https://defysiotherapeut.com/nieuws/verzekerd-bij-zilveren-kruis-in-2026-geen-eigen-risico-meer-voor-deze-behandelingen,Verzekerd bij Zilveren Kruis? In 2026 geen eigen risico meer voor deze behandelingen,zorgprof,Patiënten en fysiotherapeuten — kennisbank over fysiotherapeutische behandelingen en vergoedingen.,"Psychosomatische fysiotherapie is direct relevant voor zenuwstelsel-content, maar publiek is voornamelijk patiënten — niet primair HR/werkgever.",Psychosomatische fysiotherapie en polyvagale theorie bij chronische stress en lichamelijke spanningsklachten.,pitch via redactie,niet gevonden,Branche-platform fysio met blog over psychosomatische fysiotherapie.,psychosomatische fysiotherapie blog,WebSearch,F
149,driessen.nl,C7,3,0.585,MEDIUM (DR 30-60),estimated,2026,https://www.driessen.nl/werkgevers/kenniscentrum/wet-en-regelgeving/hr-wet-en-regelgeving-in-2026-alles-wat-je-moet-weten,HR wet- en regelgeving in 2026: Alles wat je moet weten,HR,Werkgevers en HR-professionals in publieke sector en uitzendbranche die wet- en regelgeving en personeelszaken volgen.,"Actief HR-kenniscentrum met content over verzuim, casemanagement en goed werkgeverschap; redactie traditioneel niet open voor gastauteurs.",Hoe casemanagers zenuwstelsel-regulatie gebruiken om langdurig verzuim eerder te keren.,pitch via redactie,niet gevonden,HR-dienstverlener met kenniscentrum voor goed werkgeverschap.,CNV vakbond werkgever artikel,WebSearch,E
150,dutchhealthhub.nl,C15,3,0.585,MEDIUM (DR 30-60),estimated,2026,https://www.dutchhealthhub.nl/artikelen/ravijnjaar-2026-bereid-je-op-tijd-voor,Ravijnjaar 2026: bereid je op tijd voor,zorgprof,"Bestuurders en managers in de zorg/life-sciences die strategisch nieuws over innovatie, beleid en HR volgen.","Actueel medium voor zorgmanagement, raakt aan HR-vraagstukken in zorg — gastartikel mogelijk via redactie, thema-match indirect via verzuim/personeel.",Hoe zenuwstelsel-regulatie helpt om verzuim in de zorg te verlagen tijdens het 'ravijnjaar' 2026.,pitch via redactie,niet gevonden,Online medium zorg-management met artikel over Zorg & HR.,zorg HR blog Nederland,WebSearch,B
151,industrievandaag.nl,C15,3,0.585,MEDIUM (DR 30-60),estimated,2026,https://industrievandaag.nl/industrie-ziet-groei-in-2026-licht-aantrekken/,Industrie ziet groei in 2026 licht aantrekken,werkgever,"Beslissers, MT en HR in de Nederlandse industrie en technologische maakindustrie.",Vakplatform met sterke industrie-focus; HR-/verzuim-content beperkt zichtbaar maar passend voor arbeidstekort-/inzetbaarheidsangle.,Arbeidstekort als #1-pijnpunt 2026: zenuwstelsel-regulatie als retentie- en verzuimaanpak in industriele MKB.,pitch via redactie,niet gevonden,Onafhankelijk platform met overzicht industrievakbladen en HR-nieuws.,industrie HR vakblad NL,WebSearch,D
152,ncoi.nl,C6|C13,3,0.585,MEDIUM (DR 30-60),estimated,2026,https://www.ncoi.nl/alle-opleidingen.html,Opleidingsaanbod 2026,HR,"Werkende professionals die opleidingen/MBO/HBO/master volgen, plus HR/L&D-inkopers bij werkgevers.",Grote opleider met blog maar search-snippets tonen vooral cursusoverzichten; redactionele content rond leidinggeven mogelijk maar minder direct zichtbaar.,Zenuwstelsel-bewust leidinggeven als competentie voor leerprofessionals in NCOI-leiderschapstrajecten.,pitch via redactie,niet gevonden,Opleider met uitgebreide blog over management en leidinggeven,leidinggeven blog Nederland artikel,WebSearch,D
153,sociaalweb.nl,C12,3,0.585,MEDIUM (DR 30-60),estimated,2026,https://sociaalweb.nl/nieuws/de-wake-up-call-van-2025-en-de-opdracht-voor-2026/,De wake-up call van 2025 en de opdracht voor 2026 - PONT Zorg&Sociaal,zorgprof,"Sociaal-werk-, zorg- en welzijnsprofessionals, beleidsmakers en juristen in publieke sector.",Kennisplatform met actuele content over sociaal domein/zorg; relevant maar primair beleid/juridisch — geen direct HR/werkgever-publiek voor zenuwstelsel-content.,Zenuwstelselregulatie als interventielaag voor sociaal-werkers en zorgprofessionals die zelf hoog verzuim kennen.,pitch via redactie,niet gevonden,PONT Zorg & Sociaal kennisplatform met magazines - sociaal-zorgaudience.,Zorg en Welzijn vakblad publicatie auteur,WebSearch,F
154,vvponline.nl,C7,3,0.585,MEDIUM (DR 30-60),estimated,2026,https://www.vvponline.nl/nieuws/vvp-4-2025-advieskansen-2026,VVP: advieskansen 2026,werkgever,"Financieel adviseurs, intermediairs en verzekeringsprofessionals.",Vakmedium met sterke autoriteit binnen advieswereld; minder direct HR-publiek maar via AOV/verzuim wel adjacent; gastartikelen plausibel.,Wat adviseurs hun werkgevers-klanten moeten vertellen over zenuwstelsel-regulatie als verzuim-/AOV-claim-preventie.,pitch via redactie,niet gevonden,Vakmedium voor financieel adviseurs met artikelen over vroege interventies psychische klachten.,inkomensverzekeraar blog werkgever,WebSearch,D
155,qivi.nl,C16,5,0.58,LOW (DR <30),estimated,2025-04-11,https://qivi.nl/5-barrieres-bij-burn-out-preventie-dit-zeggen-leidinggevenden/,5 barrieres bij burn-out preventie - dit zeggen leidinggevenden,HR,Leidinggevenden en HR-managers die burn-outpreventie en werkstress-management binnen hun team willen versterken.,"Exact de doelgroep (leidinggevenden bij burn-outpreventie), onderzoek met UU, inhoudelijke blog — perfect match voor zenuwstelsel-gastartikel.",Zenuwstelsel-kennis als ontbrekend stuk in de gereedschapskist van leidinggevenden bij vroege burn-outsignalen.,pitch via redactie,niet gevonden,Coachbureau met blog gericht op leidinggevenden en burn-outpreventie.,burn-out preventie leidinggevenden,WebSearch,B
156,2daysmood.com,C1,4,0.575,MEDIUM (DR 30-60),estimated,2025-11-12,https://2daysmood.com/blog/5-digitale-hr-uitdagingen-voor-gemeenten-in-2026,5 digitale HR-uitdagingen voor gemeenten in 2026,HR,"HR-professionals en strategisch HR in NL organisaties, met focus op werkgeluk, werkdruk en pulsemeting.","Sterke HR-doelgroep met expliciete content over werkdruk, werksfeer en workforce resilience — directe brug naar zenuwstelsel-regulatie bij verzuim.",Van pulsemeting naar lichaamssignalen: hoe HR werkdruk-data koppelt aan zenuwstelsel-regulatie om verzuim te voorkomen.,geen info gevonden,niet gevonden,Werkgeluk-meting blog met kennisartikelen voor HR-professionals.,werkgeluk meten HR,WebSearch,A
157,defittemedewerker.nl,C4|C7,4,0.575,MEDIUM (DR 30-60),estimated,2025-11-28,https://defittemedewerker.nl/hr-trends-2026/,De 6 Belangrijkste HR Trends voor 2026,HR,HR-managers en werkgevers die vitaliteitsprogramma's en themadagen op de werkvloer willen invoeren.,"Actieve blog met Week Zonder Werkstress, HR-trends en vitaliteitskalender 2026 — directe match met burn-out/zenuwstelsel-thema.",Week Zonder Werkstress 2026 voorbij: hoe HR het hele jaar de zenuwstelsel-balans van medewerkers ondersteunt.,geen info gevonden,niet gevonden,Blog van vitaliteitsdienstverlener gericht op werkgevers en wellness programma's.,vitaliteit werkgever blog,WebSearch,E
158,burnoutpreventienederland.nl,C11,4,0.575,LOW (DR <30),estimated,2025-11,https://www.burnoutpreventienederland.nl/week-zonder-werkstress-2025/,Week zonder Werkstress 2025,HR,HR-professionals en managers die burn-outpreventie en mentale veerkracht zoeken (organiseert HR-inspiratiesessies).,"Directe thema-match (burn-outpreventie, stressfysiologie) en richt zich op HR-publiek met webinars/dagelijkse mails — gastauteur waarschijnlijk mogelijk via samenwerking.",Polyvagaal-perspectief op werkstress: aanvulling op hun stressfysiologie-content voor de Week zonder Werkstress.,pitch via redactie,niet gevonden,Burn-outpreventieplatform - directe doelgroep voor zenuwstelsel-regulatie content.,mental coach blog NL stress werknemer,WebSearch,B
159,hchealth.nl,C2|C14,4,0.575,LOW (DR <30),estimated,2025-11-25,https://hchealth.nl/downloads/vitaliteitskalender-2026/,Ontvang de vitaliteitskalender 2026,HR,"HR en werkgevers die vitaliteit- en burn-outpreventie-tools zoeken (vitaliteitskalender, downloads, programma's).","Burn-outpreventie-specialist met werkgever-doelgroep — sterke thema-match voor zenuwstelsel-content, mogelijk samenwerking via expert-content.",Een maand zenuwstelsel-regulatie als thema in de vitaliteitskalender 2026: praktische werkgever-toolkit.,pitch via redactie,niet gevonden,Specialist burn-out preventie met cijfers en impactartikelen voor werkgevers.,verzuim burn-out impact,WebSearch,B
160,remplooi.nl,C9,4,0.575,LOW (DR <30),estimated,2026-01-14,https://www.remplooi.nl/blog/2026/01/14/wat-is-het-verschil-tussen-wia-en-wao/,Wat is het verschil tussen WIA en WAO?,werkgever,"Werkgevers en HR-functionarissen (MKB) die uitleg zoeken over WIA/WAO, arbodienst-kosten en re-integratie-praktijk.","Actief blog (3+ recente artikelen) over WIA/WAO, arbodienst-kosten — gericht op werkgever-doelgroep, gastauteur waarschijnlijk welkom.",Hoe vroege zenuwstelsel-interventies voorkomen dat MKB-werkgevers met WIA-instroom te maken krijgen.,pitch via redactie,niet gevonden,Re-integratiebedrijf met blogs over verzuimprotocol en HR-praktijk.,UWV Perspectief artikel werkgever,WebSearch,B
161,ruudmeulenberg.nl,C2|C15|C11,4,0.575,LOW (DR <30),estimated,2026-01,https://ruudmeulenberg.nl/lichamelijke-stress-burnout-klachten/lage-hartslag-stress-burn-out/,Lage hartslag door stress en burn-out,coach,Particulieren met burn-out/stress/depressie/PTSS-klachten die zoeken naar coaching/training (Meulenberg Training & Coaching).,"Coachpraktijk met zeer inhoudelijke blog over lichamelijke burn-outklachten, hartslag, conversiestoornis — sterke thematische match met zenuwstelsel-content.",Polyvagaal-theorie en lichamelijke burn-outklachten: praktische uitleg voor lezers die fysieke stress-symptomen ervaren.,pitch via redactie,niet gevonden,Adviseursblog gericht op HR voor langdurig verzuim en burn-out reductie.,HR community verzuim burn-out,WebSearch,B
162,slaapwaarde.nl,C16,4,0.575,LOW (DR <30),estimated,2026-01-08,https://www.slaapwaarde.nl/2026/01/08/herstel-van-aanhoudende-stress-om-je-slaap-te-verbeteren/,Herstel van aanhoudende stress om je slaap te verbeteren,coach,"Volwassenen met slaapproblemen, vooral i.r.t. stress en werkdruk; werkgevers met focus op verzuim en slaap.","Slaapcoaching met expliciete link werk-stress-slaap, recente artikelen over werkvloer-slaap — directe thematische match.",Hoe zenuwstelsel-regulatie 's avonds slaap verbetert en daarmee uitval op het werk voorkomt.,pitch via redactie,niet gevonden,Slaapadviesplatform met content over slapen en werk.,slaap nachtwerk blog,WebSearch,B
163,kennisplatformfysiotherapie.nl,C8,3,0.57,HIGH (DR 60+),estimated,2025-08,https://www.kennisplatformfysiotherapie.nl/onderzoeken/meer-op-maat-gestratificeerde-blended-fysiotherapie-bij-nek-en-schouderklachten/,Meer op Maat: Gestratificeerde Blended Fysiotherapie,zorgprof,"(Para)medische fysiotherapeuten, KNGF-leden en docenten/onderzoekers in fysiotherapie.",Sterk autoritair vakplatform (KNGF) maar redactionele toelating vereist wetenschappelijke onderbouwing; thematisch raakt het werkgerelateerde interventies (Fysiotherapie WERKt).,Onderbouwing zenuwstelsel-regulatie als aanvulling op psychosomatische fysiotherapie bij werkgerelateerde klachten.,pitch via redactie,niet gevonden,KNGF-richtlijnen platform met ruimte voor inhoudelijke vakinhoud.,KNGF fysiotherapie blog gastauteur,WebSearch,D
164,pggm.nl,C7,3,0.555,HIGH (DR 60+),estimated,2026-01-27,https://www.pggm.nl/persberichten/langdurig-verzuim-in-zorgsector-neemt-toe,Langdurig verzuim in zorgsector neemt toe (Vernet 2025-data),HR,Bestuurders en HR-professionals in zorg en welzijn; pers/onderzoek-content op basis van Vernet-benchmark.,Hoge autoriteit met sterke verzuim-benchmarkdata in zorg; corporate pensioenuitvoerder met persberichten — geen evidente gastauteurroute.,Hoe zenuwstelselregulatie de langdurig-verzuim curve in de zorg kan keren — onderzoeksgedreven invalshoek.,geen info gevonden,niet gevonden,Pensioenuitvoerder zorg met persberichten en publicaties over verzuim in de zorgsector.,vernet verzuim benchmark zorg,WebSearch,F
165,de-nfg.nl,C8,3,0.555,MEDIUM (DR 30-60),estimated,2025-11-19,https://www.de-nfg.nl/wp-content/uploads/2025/11/20251119-NFG-vergoedingenoverzicht-2026-versie-1.0.pdf,Vergoedingenoverzicht 2026,zorgprof,Therapeuten en coaches in complementaire psychosociale zorg die aangesloten zijn bij de NFG-beroepsvereniging.,"Beroepsfederatie met therapeuten/coaches als doelgroep; thematisch passend (stress, burn-out), maar publicaties primair regelgeving en vergoedingen.",Zenuwstelsel-regulatie als gemeenschappelijke taal voor NFG-coaches en bedrijfsmaatschappelijk werk in werkcontext.,pitch via redactie,niet gevonden,Nederlandse Federatie Gezondheidszorg met coachregister - relevante professional doelgroep.,coach federatie Nederland blog,WebSearch,C
166,de-online-psycholoog.nl,C11,3,0.555,MEDIUM (DR 30-60),estimated,2026-05-15,https://www.de-online-psycholoog.nl/,Recente blogartikelen mei 2026 (homepage),psycholoog,Particuliere clienten met psychische klachten die online behandeling zoeken; secundair werkgevers en HR.,"Actieve blog over mentale gezondheid; doelgroep deels consument, maar B2B/HR-angle plausibel voor gastartikel over preventie.",Wat HR moet weten over zenuwstelsel-regulatie voordat werknemers psychologische zorg nodig hebben — preventie als verlengstuk van behandeling.,geen info gevonden,niet gevonden,Online psychologenpraktijk met blogs rond burn-out preventie en herstel.,psycholoog blog werkgever Nederland burn-out,WebSearch,D
167,dehora.nl,C16,3,0.555,MEDIUM (DR 30-60),estimated,2026-02,https://dehora.nl/slim-met-tijd/ziekteverzuim-verlagen/,Slim met tijd / ziekteverzuim verlagen (blog 2026),werkgever,"Werkgevers en planners in zorg, industrie en services rond werktijden, roosters en workforce management.",Sterke werkgevers/HR-hoek rond verzuim en roosters; raakt zenuwstelsel-thema indirect via nachtwerk/slaap/recovery.,Roosters die het zenuwstelsel sparen: hoe slim plannen verzuim halveert in zorg en industrie.,geen info gevonden,niet gevonden,Consultancy roosters/werktijden met blog over nachtwerk en gezondheid.,nachtwerk werkgever blog,WebSearch,A
168,sboh.nl,C15,3,0.555,MEDIUM (DR 30-60),estimated,2025-12,https://www.sboh.nl/nieuws/cao-sboh-2026-definitief/,Cao SBOH 2026 definitief,bedrijfsarts,"Artsen in opleiding (aios huisarts, bedrijfsarts, sociale geneeskunde) en hun opleiders.","Werkgever van aios bedrijfsarts/sociale geneeskunde; sterke vakdoelgroep maar primair CAO/HR-content, geen evidente externe gastauteursroute.",Zenuwstelselregulatie als onderdeel van de opleiding van bedrijfsartsen en sociaal-geneeskundige aios.,pitch via redactie,niet gevonden,Werkgever van artsen in opleiding met content over arbozaken en preventief spreekuur.,SBOH huisarts bedrijfsarts,WebSearch,F
169,zorgpleinnoord.nl,C15,3,0.555,MEDIUM (DR 30-60),estimated,2026-04-01,https://werkgevers.zorgpleinnoord.nl/nieuws/wow-nieuwe-subsidie-voor-opleiden-wijkverpleging-op-komst,"WOW, Nieuwe subsidie voor opleiden wijkverpleging op komst",HR,"Zorgwerkgevers en HR-managers in Noord-Nederland (Groningen, Drenthe, Friesland) die personeel ontwikkelen.","Regionaal zorgwerkgeversverband met sterke focus op subsidies/opleiden; HR-doelgroep relevant maar content thematisch op subsidies/financiering, niet verzuim/burn-out.",Opleiden in Noord-Nederland verdient een welzijnsfundament: zenuwstelsel-regulatie als basis voor leervermogen in de zorg.,geen info gevonden,niet gevonden,Regionaal werkgeversverband zorg Noord-Nederland met artikelen.,RegioPlus zorgwerkgever blog,WebSearch,C
170,gvmwerkt.nl,C2,3,0.555,LOW (DR <30),estimated,2026-03-03,https://www.gvmwerkt.nl/blog/,Blog Re-integratie & Arbeidsdeskundig Advies,arbo,"Werkgevers en werknemers in regio Amersfoort die re-integratie, arbeidsdeskundig advies of outplacement zoeken.","Regio-arbeidsdeskundige met re-integratie/DI-thema — past goed bij zenuwstelsel-perspectief op herstel, beperkt bereik.",Hoe een arbeidsdeskundige zenuwstelsel-signalen leest om re-integratie succesvol te maken.,pitch via redactie,niet gevonden,Arbeidsdeskundigen-blog met focus op balans tussen werk en herstel.,arbeidsdeskundige blog,WebSearch,B
171,onderwijsacademie.nl,C15,3,0.555,LOW (DR <30),estimated,2026-04,https://www.onderwijsacademie.nl/blog/nieuwsbrief-april-2026-onderwijs-academie/,Nieuwsbrief april 2026 Onderwijs Academie,onderwijs,"Schoolleiders, HR-medewerkers en bestuurders in primair, voortgezet en kinderopvang.",Onderwijs-HR doelgroep is sterk relevant (hoog verzuim in sector); kleine site met blog/nieuwsbrief en mogelijk open voor expertcontent.,Schoolleiders die verzuim verlagen via zenuwstelselregulatie — een burn-out preventie roadmap voor onderwijs.,pitch via redactie,niet gevonden,Onderwijsacademie met blog over HRM en het onderwijs voor schoolleiders.,onderwijs HR blog NL,WebSearch,F
172,uitgedokterd.nl,C2,3,0.555,LOW (DR <30),estimated,2026-03-11,https://uitgedokterd.nl/,niet gevonden,arbo,"Casemanagers, HR-functionarissen en werkgevers die kennis zoeken over verzuim/re-integratie (Ziek van verzuim).","Specifiek kennisplatform over verzuim/casemanagement met recente content — relevante doelgroep, beperkte autoriteit en weinig zicht op redactie-openheid.",Hoe zenuwstelsel-bewuste casemanagers psychisch verzuim sneller en effectiever begeleiden.,pitch via redactie,niet gevonden,Kennisbank over (register)casemanagers en re-integratie.,register casemanager,WebSearch,B
173,fitvoormorgen.pggmenco.nl,C7,4,0.545,MEDIUM (DR 30-60),estimated,2025,https://fitvoormorgen.pggmenco.nl/themas/mentale-fitheid/,Mentale fitheid werknemers zorg en welzijn,zorgprof,Medewerkers en werkgevers in zorg en welzijn die mentale en fysieke fitheid willen bevorderen.,Sterke thematische match (mentale fitheid in zorg) op subdomein van groot fonds; doelgroep zorgwerkgevers/HR is precies hetdat verzuim-/burn-out-content past.,"Zenuwstelsel-regulatie als praktische tool tegen burn-out in de zorg, waar werknemers structureel onder hoge belasting staan.",geen info gevonden,niet gevonden,Platform PGGM&CO met producten en diensten rond verzuim in zorg.,vernet verzuim benchmark zorg,WebSearch,D
174,gimd.nl,C16,4,0.545,MEDIUM (DR 30-60),estimated,niet gevonden,https://www.gimd.nl/nieuws/,Gimd Nieuws (Mentaal sterk op het werk),werkgever,"Werkgevers, HR-professionals en werknemers die bedrijfsmaatschappelijk werk en mediation inzetten voor mentale gezondheid op het werk.",Landelijke aanbieder bedrijfsmaatschappelijk werk met focus op mentale weerbaarheid en burn-outpreventie; doelgroep en thema sterk passend.,Bedrijfsmaatschappelijk werk modern: zenuwstelsel-regulatie als verdiepende laag op gesprekstherapie en mediation.,pitch via redactie,niet gevonden,Bedrijfsmaatschappelijk werk-organisatie met HR-blog over burn-out.,burn-out werkgever blog,WebSearch,C
175,niceday.app,C14,4,0.545,MEDIUM (DR 30-60),estimated,niet gevonden,https://niceday.app/en/library/relaxation/,Relaxation Library - NiceDay: Psycho-educatie,psycholoog,Clienten van NiceDay (online coaching/therapie) en B2B-organisaties die mentale gezondheidsondersteuning aanbieden aan medewerkers.,Online coaching/therapie-platform met psycho-educatie en organisatie-aanbod — sterk thematisch en heeft kennisbank waar gastauteur denkbaar is.,Zenuwstelsel-regulatie als psycho-educatie-module: aanvulling op de relaxation library voor clienten met burn-out.,pitch via redactie,niet gevonden,Coaching/therapie app met kennisbank over burn-out en re-integratie.,Niceday burn-out blog,WebSearch,B
176,zorgvoorwerkgeluk.nl,C1|C12,4,0.545,MEDIUM (DR 30-60),estimated,niet gevonden,https://www.zorgvoorwerkgeluk.nl/inspiratie,Inspiratie / kennisplatform (overzichtspagina),HR,"HR-professionals, bestuurders en directies in zorg- en welzijnssector — onderdeel van Driessen Groep platforms.",Specifiek HR-platform voor zorgsector rond werkgeluk en welzijn — directe thematische match met zenuwstelsel-pitch.,Werkgeluk in de zorg begint bij een gereguleerd zenuwstelsel: hoe HR in zorg-instellingen verzuim halveert.,pitch via redactie,niet gevonden,HRM-kennisplatform voor zorgsector met focus op werkgeluk en welzijn; relevant voor HR in zorg.,HR Zone werkgeluk,WebSearch,E
177,nalk.info,C8,4,0.545,LOW (DR <30),estimated,2025-12-12,https://nalk.info/,Langlopend onderzoek aanhoudende lichamelijke klachten (ALK),zorgprof,"Onderzoekers, zorgprofessionals (huisartsen, psychosomatisch fysiotherapeuten, psychologen) en beleidsmakers rond aanhoudende lichamelijke klachten.","Wetenschappelijk netwerk over ALK/SOLK met directe inhoudelijke link naar zenuwstelsel-dysregulatie — hoge thematische match, mogelijk gastbijdrage via expertnetwerk.",Polyvagaal-theorie en ALK: praktische toepassing van zenuwstelsel-regulatie in eerstelijnszorg.,gastauteur netwerk,niet gevonden,Nederlands Kennisnetwerk Aanhoudende Lichamelijke Klachten - inhoudelijke aansluiting psychosomatiek.,beroepsvereniging psychosomatisch fysiotherapie,WebSearch,B
178,wgvzorgenwelzijn.nl,C15,4,0.545,LOW (DR <30),estimated,2025,https://wgvzorgenwelzijn.nl/nieuws/vws-subsidieregeling-sectorplanplus-stopt-definitief-per-1-januari-2026/,VWS-subsidieregeling SectorplanPlus stopt definitief per 1 januari 2026,werkgever,"Werkgevers in zorg en welzijn in Oost-Nederland; arbeidsmarkt, scholing en duurzame inzetbaarheid.",Werkgeversvereniging met expliciet duurzame inzetbaarheid-thema en leernetwerk vanaf 2026 — sterke fit voor zenuwstelsel-pitch.,Duurzame inzetbaarheid in zorg en welzijn: zenuwstelsel-werk als ontbrekende laag tegen verzuim.,pitch via redactie,niet gevonden,Werkgeversvereniging zorg & welzijn Oost-Nederland met nieuwsartikelen.,SectorplanPlus zorg welzijn,WebSearch,A
179,thuisinjelijf.net,C16,5,0.535,LOW (DR <30),estimated,niet gevonden,https://thuisinjelijf.net/blog-post/de-polyvagaal-theorie-in-therapie/,De polyvagaal theorie in therapie,psycholoog,Clienten en collega-therapeuten geinteresseerd in lichaamsgerichte psychotherapie en polyvagaal-toepassingen.,"Exacte thematische match: polyvagaal therapie als kern-aanbod — gastauteur via vakgenoten waarschijnlijk welkom, sterk inhoudelijk publiek.",Polyvagaal-perspectief voor HR/leidinggevenden: hoe lichaamsgerichte inzichten verzuim verlagen.,gastauteur netwerk,niet gevonden,Lichaamsgerichte psychotherapiepraktijk met polyvagaal blogcontent.,polyvagaal therapie blog,WebSearch,B
180,avans.nl,C13,2,0.535,HIGH (DR 60+),estimated,2026-02,https://punt.avans.nl/2026/02/hbo-trekt-net-iets-minder-eerstejaars/,Hbo trekt net iets minder eerstejaars (Punt Avans),onderwijs,"Studenten en medewerkers van Avans Hogeschool, plus professionals via lectoraten en kennisartikelen.",Hoge autoriteit maar gericht op studentenwerving en onderwijsnieuws; gastartikelen over HR/verzuim onwaarschijnlijk op hoofddomein.,Samenwerking met lectoraat HRM/Vitaliteit rondom onderzoek naar zenuwstelsel-regulatie als preventie voor jonge professionals.,geen info gevonden,niet gevonden,Avans Hogeschool met HRM-opleiding - mogelijk kanaal via lectoraten/blogs.,Avans HR blog opleiding HRM,WebSearch,C
181,hva.nl,C13,2,0.535,HIGH (DR 60+),estimated,2026-09,https://www.hva.nl/cursussen/strategisch-hrm,Strategisch HRM cursus (start september 2026),HR,"HRM-studenten, professionals en onderzoekers; lectoraat HRM & Organisational Behaviour.",Hoge autoriteit maar primair onderwijssite; geen evidente blog of open call voor externe auteurs op vinkbare doelgroep.,Wetenschappelijke onderbouwing van zenuwstelselregulatie in HRM-praktijk — bruggen tussen onderzoek en HR-toepassing.,geen info gevonden,niet gevonden,Hogeschool van Amsterdam met HRM opleiding en onderzoekspublicaties.,master HRM blog Nederland onderzoek werk,WebSearch,F
182,hightechsystems.nl,C15,2,0.535,MEDIUM (DR 30-60),estimated,2026-02-20,https://hightechsystems.nl/artikel/besi-optimistisch-over-2026/,Besi optimistisch over 2026,werkgever,"Engineers, managers en directie in NL high-tech maakindustrie (chip, machinebouw, deeptech).",Sectorvakblad maar inhoudelijk overwegend bedrijfseconomisch/technisch; HR/welzijn is randthema.,Chronische deadline-druk in chip-engineering: hoe werkgevers in high-tech burn-out voor zijn met zenuwstelsel-werk.,pitch via redactie,niet gevonden,Vakmedium high-tech industrie met artikelen over personeel en skills.,Metaalunie FME industrie werkgever,WebSearch,A
183,huisartsopleiding.nl,C15,2,0.535,MEDIUM (DR 30-60),estimated,2026-05-11,https://www.huisartsopleiding.nl/resultaten-nivel-onderzoek-aios-en-alumni-opnieuw-positief-over-huisartsopleiding/,Resultaten Nivel-onderzoek: aios en alumni opnieuw positief,zorgprof,"Aios huisartsgeneeskunde, opleiders en medisch onderwijskundigen.",Sterk autoritair domein maar smalle onderwijscontext; geen open call voor externe HR-pitchers.,Zenuwstelsel-regulatie als zelfzorg-skill voor aios — preventie van eigen burn-out bij artsen-in-opleiding.,pitch via redactie,niet gevonden,Huisartsopleiding Nederland met handreikingen over goed werkgeverschap.,SBOH huisarts bedrijfsarts,WebSearch,E
184,ministerievaninzetbaarheid.nl,C1,4,0.53,LOW (DR <30),estimated,2025-07-10,https://www.ministerievaninzetbaarheid.nl/blog/werkgeluk-onderzoek/wat-zijn-de-belangrijkste-factoren-die-werkgeluk-beinvloeden/,Wat zijn de belangrijkste factoren die werkgeluk beinvloeden?,HR,HR-managers en werkgevers die werkgeluk en duurzame inzetbaarheid willen meten en verbeteren.,Inhoudelijke fit met werkgeluk/inzetbaarheid + actuele blog met onderzoeksinsteek; gastauteurs/expertbijdragen lijken passend.,Zenuwstelselregulatie als onderzochte factor onder werkgeluk en duurzame inzetbaarheid.,pitch via redactie,niet gevonden,Blog/platform over werkgeluk-onderzoek en HR-tools voor inzetbaarheid.,HR werkgeluk tools,WebSearch,F
185,smarthealth.works,C16,4,0.53,LOW (DR <30),estimated,2025-2026,https://www.smarthealth.works/,AFAS Digital detox programma (nov 2025 - feb 2026),werkgever,"Werkgevers en HR-managers die vitaliteit, leefstijl en digitale balans voor medewerkers willen versterken.",Vitaliteits-/leefstijl-platform met expliciete werkgever-focus en partner-content (AFAS); thematisch zeer passend bij zenuwstelsel/stress-thema.,Digitale detox in 2026: hoe ontregeling van het zenuwstelsel ontstaat door schermen en hoe HR kan helpen reguleren.,pitch via redactie,niet gevonden,Werkstress-platform met blog gericht op werkgevers.,stress werkgever blog,WebSearch,C
186,afas.nl,C1|C10,3,0.525,HIGH (DR 60+),estimated,2025,https://www.afas.nl/blog/wat-is-ravijnjaar-2026,Ravijnjaar 2026 voor gemeenten en provincies | AFAS ERP,HR,"AFAS software-klanten, HR/finance-professionals en MKB-werkgevers die ERP/HR-software gebruiken.",AFAS publiceert HR/inzetbaarheid-content maar het blog is sterk corporate en productgericht; gastauteurs zijn niet evident.,Praktische tools voor HR-managers om zenuwstelselregulatie te integreren in verzuimprotocollen en preventiebeleid.,geen info gevonden,niet gevonden,AFAS blog/kennisbank met HR en duurzame inzetbaarheid content.,duurzame inzetbaarheid kennisbank,WebSearch,F
187,amersfoortse.nl,C16,3,0.525,HIGH (DR 60+),estimated,niet gevonden,https://www.amersfoortse.nl/blog,Blogoverzichtpagina,ondernemer,Zelfstandige ondernemers en MKB-werkgevers die zich verzekeren tegen arbeidsongeschiktheid en zoeken naar tips over werk-balans.,Verzekeraar publiceert content over verzuim/preventie voor zzp/MKB — sterke thema-match maar gastauteurs zelden welkom op corporate blog.,Zenuwstelsel-regulatie als preventie van AOV-claims: praktische tips voor zelfstandigen om burn-out voor te zijn.,pitch via redactie,niet gevonden,Verzekeraar De Amersfoortse met werkgeversblog over slaap en mindful werken.,slaaptips werkgever blog,WebSearch,B
188,bouwendnederland.nl,C15,3,0.525,HIGH (DR 60+),estimated,2025,https://www.bouwendnederland.nl/nieuws/algemeen/nieuwe-cao-voor-uitzendkrachten-vanaf-1-januari-2026,Nieuwe cao voor uitzendkrachten vanaf 1 januari 2026,werkgever,Bouw- en infra-werkgevers en HR/arbo in de bouwsector (brancheorganisatie).,Sterk brancheplatform met werkgevers in bouw — verzuim is een onderwerp maar de site is overwegend gericht op subsidies/cao en minder op gastblogs.,Bouwvakkers in de overlevingsstand: hoe werkgevers zenuwstelsel-stress herkennen voordat verzuim toeslaat.,geen info gevonden,niet gevonden,Brancheorganisatie bouw met nieuwsartikelen over verzuimpreventie en werkstress.,bouw HR blog Nederland verzuim,WebSearch,A
189,menzis.nl,C7,3,0.525,HIGH (DR 60+),estimated,2025,https://www.menzis.nl/zorgverzekering-2026,Menzis zorgverzekering 2026: wat verandert er voor jou?,werkgever,Verzekerden en zakelijke klanten (werkgevers met collectieve polissen); vitaliteit/bedrijfszorg.,Hoge DR en werkgevers-vitaliteitsspoor; toegang voor gastauteurs is in praktijk lastig vanwege corporate redactie.,Vitaliteit voor en na de polis: wat werkgevers kunnen doen aan zenuwstelsel-regulatie buiten verzekeraarsschema's.,geen info gevonden,niet gevonden,Menzis Zakelijk publiceert blogs over leefkracht en vitaliteit voor werkgevers.,Menzis werkgever vitaliteit blog,WebSearch,A
190,xperthr.nl,C1|C13,3,0.525,HIGH (DR 60+),estimated,niet gevonden,niet gevonden,niet gevonden,HR,"HR-juristen, HR-managers en compliance-professionals (Brightmine NL, voorheen XpertHR).",Sterke HR-autoriteit (rebranded Brightmine) maar grotendeels betaalde-content-platform met beperkte open redactie; weinig zichtbare gastauteursroute.,Juridisch-praktische invalshoek: hoe HR-juristen werkgevers helpen verzuim te reduceren via zenuwstelsel-onderbouwde preventie.,pitch via redactie,niet gevonden,Online HR-kennisplatform met juridische updates en HR-publicaties; eigen persberichtensectie.,XpertHR kennisplatform,WebSearch,D
191,aofondsrijk.nl,C9,3,0.525,MEDIUM (DR 30-60),estimated,2026,https://www.aofondsrijk.nl/artikel/tournee-gesprek-ambtenaar-anno-nu-2026/,Tournee gesprek Ambtenaar Anno Nu 2026,HR,"Rijksambtenaren, HR- en O&O-professionals in de rijksoverheid die zich bezighouden met duurzame inzetbaarheid en welzijn.","Sterk thematisch passend (duurzame inzetbaarheid, menstruatie/overgang, mentale gezondheid bij rijksoverheid), maar overheidsfonds publiceert vooral eigen content; gastruimte onduidelijk.",Zenuwstelsel-regulatie als handvat voor leidinggevenden binnen het Rijk om verzuim en uitval te voorkomen bij medewerkers in een veranderende ambtenarencontext.,geen info gevonden,niet gevonden,A+O fonds Rijk met content over werkplezier en duurzame inzetbaarheid bij rijksoverheid.,A&O fonds Rijk blog,WebSearch,C
192,bedrijvenconsultant.nl,C5,3,0.525,MEDIUM (DR 30-60),estimated,2026-01,https://bedrijvenconsultant.nl/beste-werkgevers-van-nederland/,Beste Werkgevers Van Nederland [2026 Update],ondernemer,"Ondernemers en MKB-eigenaren die zoeken naar reviews, tools en lijstjes rondom ondernemerschap.","Veel content over werkgeverschap en best-employers lijsten; potentieel kanaal voor ondernemer-georienteerde verzuimcontent, maar SEO-affiliate stijl.",Waarom slimme MKB-werkgevers in 2026 inzetten op zenuwstelsel-regulatie als competitive advantage voor talentbehoud.,gastauteur netwerk,niet gevonden,Consultancy-blog met overzichten en gastblog-traditie,"""ondernemer.nl"" OR ""ikgastarten"" OR ""deondernemer.nl"" gastblog",WebSearch,C
193,bluevi.com,C10,3,0.525,MEDIUM (DR 30-60),estimated,2026,https://bluevi.com/evenementen/webinar-bluevi/,Op zoek naar een passende verzuimapplicatie? (webinars mei/juni 2026),HR,"Werkgevers, arbo- en HR-professionals die Visma Verzuim/BlueVi gebruiken of overwegen.",Vendor-blog over verzuimsoftware; bereikt arbo/HR-publiek maar content is vooral product-georienteerd; gastauteurschap onduidelijk.,Data uit verzuimsoftware combineren met inzicht in zenuwstelsel-regulatie om vroegsignalen van burn-out te herkennen.,geen info gevonden,niet gevonden,BlueVi blog over verzuimsoftware-keuzes voor werkgevers,verzuimsoftware blog Nederland werkgever,WebSearch,C
194,coachingfederation.nl,C8,3,0.525,MEDIUM (DR 30-60),estimated,2026,https://www.coachingfederation.nl/,ICF Netherlands 20-year anniversary 18 September 2026,coach,"Professionele coaches in Nederland, opleiders en HR/L&D-professionals die coaching inkopen.",Beroepsverenigingsplatform met sterke coachdoelgroep maar weinig redactionele blogcontent zichtbaar; secundair kanaal naast vakbladen.,Zenuwstelsel-kennis als next-level coachinstrument voor ICF-coaches die met executive stress en burn-out werken.,geen info gevonden,niet gevonden,ICF Netherlands chapter met blog over coachingvakgebied en professionele standaarden.,coach federatie Nederland blog,WebSearch,D
195,employes.nl,C5,3,0.525,MEDIUM (DR 30-60),estimated,2026,https://employes.nl/blog/wat-is-modaal-inkomen-in-2026/,Modaal inkomen 2026: uitleg & bedragen | Employes,HR,MKB-ondernemers en HR-medewerkers die salaris- en personeelsadministratie automatiseren.,MKB HR-software met blog over personeelsbeleid; content is overwegend administratief/wetgeving — passend maar geen evidente open call.,Slim verzuim voorkomen in MKB: zenuwstelselregulatie als preventielaag onder salaris- en HR-processen.,geen info gevonden,niet gevonden,Salaris en HR-software voor MKB met blog over personeelsbeleid,MKB platform Nederland gastartikel HR,WebSearch,F
196,hoorayhr.io,C1|C16|C5,3,0.525,MEDIUM (DR 30-60),estimated,2026,https://www.hoorayhr.io/de/blog/,HoorayHR blog (2026 content overzicht),HR,"MKB-werkgevers en HR-medewerkers die een HR-platform gebruiken voor verlof, verzuim en personeelsadministratie.",MKB-HR-platform met sterk content-team; veel content is echter Duits/regelgevingsgericht; thema verzuim wel passend maar gastbijdrage-kans onduidelijk.,Verzuimpreventie bij MKB: zenuwstelsel-regulatie als toegankelijke tool voor leidinggevenden zonder eigen HR-afdeling.,geen info gevonden,niet gevonden,All-in-one HR software voor MKB met verzuim/verlof content en blog.,verzuim platform HR,WebSearch,C
197,zorgkrant.nl,C7,3,0.525,MEDIUM (DR 30-60),estimated,2025,https://zorgkrant.nl/arbeid-cao/19633-onderhandelingsresultaat-bereikt-over-een-nieuwe-cao-ggz,Onderhandelingsresultaat bereikt over een nieuwe cao ggz,zorgprof,"Zorgmedewerkers, HR en bestuurders in de zorg; nieuws over cao, verzuim en beleid.","Nieuwsplatform zorg met cao-/verzuim-content; thematisch relevant, redactie overwegend nieuws- niet opinie-gericht.",Verzuim in de GGZ: waarom zenuwstelsel-regulatie het ontbrekende deel van de nieuwe cao zou moeten zijn.,pitch via redactie,niet gevonden,Vakmedium zorg met nieuwsartikelen over verzuim en cao.,vernet verzuim benchmark zorg,WebSearch,A
198,hr24.nl,C1,3,0.525,LOW (DR <30),estimated,2026-04-15,https://hr24.nl/hr-professionals/,HR-meetings/trainingen voorjaar 2026,HR,HR-professionals en werkgevers in Noord-Nederland (Groningen/Drenthe/Friesland).,Regionaal HR-netwerk met events en bijdragen; minder een blog dan een community-platform; niche relevant voor outreach in Noord-NL.,Zenuwstelsel-regulatie als praktische HR-toolkit voor MKB-werkgevers in het Noorden — case bij regionale event-spreker.,gastauteur netwerk,niet gevonden,Regionaal HR-netwerk Noord-Nederland met trainingen en kennisdeling.,expertbijdrage HR,WebSearch,D
199,werktijden.nl,C16,3,0.525,LOW (DR <30),estimated,2026,https://werktijden.nl/blog/eindejaarsuitkering,Alles wat je moet weten over de eindejaarsuitkering (2026),HR,"Werkgevers, HR-medewerkers en werknemers die HR-administratie en planningsoplossingen gebruiken.",Actieve NL HR-blog met SEO-gedreven content over arbeidsvoorwaarden; gastexpert mogelijk voor stress/welzijn-thema's maar primair administratief.,Werktijden en zenuwstelselherstel: roosters en pauzes die echt herstel mogelijk maken.,pitch via redactie,niet gevonden,Software/HR-platform met blog over werkstress en planning.,werkstress blog,WebSearch,F
200,verzuimdynamiek.nl,C4,4,0.515,LOW (DR <30),estimated,2026-01-08,https://verzuimdynamiek.nl/met-preventie-voorkom-je-verzuim/,Met preventie voorkom je verzuim,arbo,"Werkgevers, HR en casemanagers met thema's preventie, verzuim en re-integratie.","Hoge inhoudelijke fit (preventie, verzuim, ontregeling); kleine site maar zeer gerichte doelgroep.",Voor casemanagers en HR: van verzuimcijfers naar zenuwstelsel-werk als bewezen preventiestrategie.,geen info gevonden,niet gevonden,Verzuimspecialist met blog over preventie en time-out programma's.,preventie werknemer blog,WebSearch,A
201,depsycholoog.nl,C11,3,0.51,MEDIUM (DR 30-60),estimated,2025-06-02,https://www.depsycholoog.nl/internal-family-systems-ifs/,Internal Family Systems (IFS): de zachte weg naar transformatie,psycholoog,"Mensen met psychische klachten en geinteresseerden in therapie/coaching, plus psychologen.",Inhoudelijke psychologie-blog die polyvagaal-/IFS-content publiceert; thematisch sterk maar B2C i.p.v. HR.,Zenuwstelsel-regulatie als praktische brug tussen client en werkvloer: wat psychologen en HR samen kunnen doen bij burn-out.,pitch via redactie,niet gevonden,Psychologenplatform met artikelen rol werkgever bij burn-out.,psycholoog blog werkgever Nederland burn-out,WebSearch,A
202,ondernemersbelang.nl,C16,3,0.51,MEDIUM (DR 30-60),estimated,2025-2026,https://www.ondernemersbelang.nl/nieuws/digitale-zichtbaarheid-in-2025-wat-werkt-nog-cht-en-wat-brengt-2026/,Digitale zichtbaarheid in 2025: wat werkt nog echt en wat brengt 2026?,ondernemer,MKB-ondernemers en directeuren in Nederlandse regio's; mix van fiscaal/marketing/HR-content.,Sterk MKB-medium met regionale spreiding; bekend om sponsored/gastauteurscontent maar weinig zichtbare welzijn-content in search.,Mentaal welzijn als concurrentievoordeel voor MKB-ondernemers: zenuwstelsel-regulatie als praktische pijler.,pitch via redactie,niet gevonden,Ondernemersmedium met regiocontent over werknemerswelzijn en ergonomie.,ergonomie mentaal welzijn,WebSearch,D
203,loi.nl,C13,2,0.505,HIGH (DR 60+),estimated,2026,https://www.loi.nl/blog/dit-zijn-de-best-betaalde-mbo-banen-in-2026,Best betaalde MBO-banen in 2026 | LOI,HR,Werkenden en studenten die HBO/MBO-opleidingen volgen — HRM-deeltijdstudenten en doorgroeiers.,Hoge autoriteit maar primair opleidingenmarketing-blog; geen evidente gastauteurs of vakredactie voor HR-experts.,Vitaliteit en zenuwstelselregulatie voor lerende werkenden — preventie van studie-burn-out.,geen info gevonden,niet gevonden,LOI HRM-master - opleider met content over HRM.,master HRM blog Nederland onderzoek werk,WebSearch,F
204,rabobank.nl,C5,2,0.505,HIGH (DR 60+),estimated,2026,https://www.rabobank.nl/bedrijven/groei/nieuwe-wetten-regels-2026-ondernemers,Nieuwe wetten en regels in 2026 voor ondernemers,ondernemer,"Zakelijke klanten Rabobank: zzp'ers, MKB-ondernemers en directeuren.",Topautoriteit maar redactionele content vrijwel uitsluitend door eigen Rabobank-experts; gastauteurs onwaarschijnlijk via reguliere route.,Niet primair — gastauteurschap lijkt gesloten; eventueel via PR/partner-traject als kennispartner van Rabobank-ondernemers-event.,geen info gevonden,niet gevonden,Rabobank ondernemers-portaal met content over verzuim en personeel,ondernemers blog Nederland verzuim,WebSearch,D
205,bouwenuitvoering.nl,C15,2,0.505,MEDIUM (DR 30-60),estimated,2026,https://bouwenuitvoering.nl/politiek_en_economie/metaal-en-techniek-cao-krijgt-nieuwe-impuls/,Metaal en Techniek CAO krijgt nieuwe impuls,werkgever,"Bouw- en infraprofessionals, ondernemers en uitvoerders die branche-, CAO- en arbeidsmarktnieuws volgen.","Vakblad bouw/infra focust op CAO, verduurzaming en projecten — weinig HR/burn-out content, maar er is een werkgever-publiek.",Werkstress en uitval in fysiek-belastende bouwsector: hoe leidinggevenden zenuwstelsel-signalen vroeg kunnen opvangen.,pitch via redactie,niet gevonden,Vakblad bouw infra techniek met artikelen over branche en personeel.,Goedopgeleidpersoneel bouw infra,WebSearch,B
206,fmtgezondheidszorg.nl,C12,2,0.505,MEDIUM (DR 30-60),estimated,2026,https://fmtgezondheidszorg.nl/interclean-2026-goede-zorg-begint-bij-een-schone-omgeving/,Interclean 2026: goede zorg begint bij een schone omgeving,zorgprof,"Zorgmanagement, FM en techniek in zorginstellingen; technologie-, huisvesting- en innovatie-thema's.",Vakblad zorg-FM/techniek; mentale gezondheid is randonderwerp en doelgroep is meer faciliteit dan HR/welzijn.,Werkomgeving en zenuwstelsel: hoe gebouw en planning verzuim onder zorgmedewerkers verlagen.,pitch via redactie,niet gevonden,Crossmediaal kennisplatform technologie en huisvesting in zorg B2B.,zorgmagazine vakblad B2B Nederland,WebSearch,A
207,politiebond.nl,C7,2,0.505,MEDIUM (DR 30-60),estimated,2026,https://politiebond.nl/de-ene-cao-verbetering-na-de-andere-in-2026/,De ene cao-verbetering na de andere in 2026,werkgever,"Politiemedewerkers (NPB-leden) die informatie zoeken over CAO, IKB, vitaliteitsbudget en rechtspositie.","Vakbondsite voor leden (politie), wel vitaliteitsbudget-content — gastauteurs extern ongebruikelijk, beperkt buiten sector.",Hoe politiemedewerkers hun vitaliteitsbudget benutten voor zenuwstelsel-regulatie na traumatische incidenten.,pitch via redactie,niet gevonden,Vakbondsite politie met content over inkomensbescherming en vitaliteit.,inkomensverzekeraar blog werkgever,WebSearch,B
208,oprijk.nl,C4,3,0.495,MEDIUM (DR 30-60),estimated,2025-12-04,https://www.oprijk.nl/actueel/nieuws/2025/12/04/nieuwe-werkwijze-per-1-januari-2026-voor-aanvragen-en-registreren-van-zorgverlof,Nieuwe manier om zorgverlof te registreren vanaf 1 januari 2026,HR,"HR en rijksambtenaren bij de Rijksoverheid (O&P Rijk); arbeidsvoorwaarden, loopbaan en zorgverlof.",Rijksoverheid HR-platform; doelgroep relevant maar redactioneel beperkt tot Rijks-arbeidsvoorwaarden en bestuurlijke updates.,Burn-out bij ambtenaren: zenuwstelsel-tools voor leidinggevenden binnen de Rijksoverheid.,geen info gevonden,niet gevonden,Bedrijfszorg-platform met content over vitaliteit en mentale gezondheid.,vitaliteit werkgever blog,WebSearch,A
209,bentlie.nl,C9,3,0.495,LOW (DR <30),estimated,2026-03-27,https://www.bentlie.nl/blog/duurzame-inzetbaarheid-vragen-voorbeeld,Duurzame inzetbaarheid meten? Gebruik deze voorbeeldvragen,HR,HR-professionals en directie die medewerkerstevredenheid en duurzame inzetbaarheid willen meten en verbeteren.,Sterke thematische overlap met duurzame inzetbaarheid; kleine commerciele site dus link-waarde beperkt maar HR-doelgroep correct.,Hoe zenuwstelsel-regulatie de scores op duurzame inzetbaarheid en bevlogenheid concreet verhoogt — meetbare invalshoek voor MTO's.,geen info gevonden,niet gevonden,Adviesbureau met kennisartikelen over duurzame inzetbaarheid.,SER blog werkgever Nederland,WebSearch,D
210,care4careers.nl,C16,3,0.495,LOW (DR <30),estimated,2026-04-02,https://www.care4careers.nl/kenniscentrum/re-integratie-tweede-spoor/start-reintegratie-2e-spoor,Startmoment tweede spoor: wanneer begint het?,arbo,"Werkgevers en werknemers in re-integratie 2e/3e spoor, plus casemanagers en HR.","Actief kenniscentrum re-integratie; relevant thema (langdurig verzuim, burn-out) maar overwegend juridisch/procedureel.",Re-integratie tweede spoor en zenuwstelsel-herstel: waarom puur protocol leidt tot terugval bij burn-out.,geen info gevonden,niet gevonden,Re-integratiebureau met kenniscentrum over casemanagement.,casemanager re-integratie,WebSearch,A
211,eprom.nl,C15,3,0.495,LOW (DR <30),estimated,2025-11-05,https://eprom.nl/werkdruk-en-burn-out-klachten/,Werkdruk en burn-outklachten: de volgende pandemie?,HR,"Werkgevers, HR en CAO-onderhandelaars die werkdruk- en burn-outtrends volgen in CAO-context.",Blog publiceert burn-out/werkdruk-content gericht op werkgever-CAO-context — past thematisch maar lage autoriteit.,Werkdruk + zenuwstelsel: hoe CAO-afspraken concreet worden via zenuwstelsel-bewust werkbeleid.,pitch via redactie,niet gevonden,Bedrijf met blog over werkdruk en burn-outklachten als pandemie.,FNV werkgever blog,WebSearch,B
212,veldhuisadvies.nl,C4|C5,3,0.495,LOW (DR <30),estimated,2026-02-18,https://veldhuisadvies.nl/blog/het-voorbehoud-van-financiering-is-geen-vrijbrief,Financiele en arbeidsadvies-blog 2025-2026,werkgever,"Particulieren, MKB-ondernemers en HR; financieel-, AOV- en pensioenadvies en goed werkgeverschap.","Adviesbureau met goed-werkgeverschap-content en AOV; thematisch raakvlak met verzuim, geen sterke welzijn/burn-out-hoek.",Goed werkgeverschap betekent zenuwstelsel-bewustzijn: hoe MKB-ondernemers premies verlagen door preventie.,geen info gevonden,niet gevonden,Adviesblog met focus op vitaliteit en duurzame inzetbaarheid voor werkgevers.,vitaliteit werkgever blog,WebSearch,A
213,werkreturn.nl,C9,3,0.495,LOW (DR <30),estimated,2026-03-09,https://werkreturn.nl/re-integreren-80-100-arbeidsongeschiktheid/,Re-integreren met 80–100% arbeidsongeschiktheid,HR,"Werkgevers, HR en casemanagers die werknemers met arbeidsongeschiktheid via spoor 1 of 2 willen re-integreren.",Re-integratiebureau met inhoudelijke blog rond spoor 2 en arbeidsongeschiktheid; thematische match maar smal publiek.,Spoor 2 re-integratie: hoe zenuwstelsel-bewuste begeleiding de slagingskans verhoogt.,geen info gevonden,niet gevonden,Re-integratiebureau met content over arbeidsongeschiktheid.,UWV Perspectief artikel werkgever,WebSearch,E
214,hogeschoolrotterdam.nl,C13,2,0.49,HIGH (DR 60+),estimated,2025-2026,https://www.hogeschoolrotterdam.nl/opleidingen/bachelor/human-resource-management/voltijd/,Voltijd bachelor opleiding Human Resource Management,HR,"HRM-studenten, docenten en HRM-praktijkonderzoekers binnen Hogeschool Rotterdam.","Hoge autoriteit (HBO), HRM-opleiding aanwezig, maar inhoudelijke blog/gastauteur-kanalen voor externe experts ongebruikelijk.",Gastcollege of onderzoeksbijdrage over zenuwstelsel + HRM-praktijk voor studenten en lectoraten.,pitch via redactie,niet gevonden,Hogeschool Rotterdam met HRM-opleiding en nieuwskanalen.,Hogeschool Rotterdam HRM blog,WebSearch,B
215,visma.com,C10,2,0.49,HIGH (DR 60+),estimated,2025-2026,https://community.visma.com/t5/Nieuws-YouServe/Jaarovergang-2025-2026/ba-p/749557,Jaarovergang 2025-2026,HR,HR/salaris-administrators die Visma Youforce/YouServe gebruiken; vooral product-/release-content.,Hoge DR maar content is vooral product-documentatie/release-notes in community-portal — weinig redactionele gast-content voor zenuwstelsel-thema.,Voor HR-administrators: meetbare HR-data (verzuim) en de rol van zenuwstelsel-interventies in trendrapporten.,pitch via redactie,niet gevonden,Visma blog (NL) met content over digitale HR en hybride werken,"""Visma Raet"" blog gastauteur HR",WebSearch,B
216,blog.vebego.nl,C4,2,0.475,MEDIUM (DR 30-60),estimated,2026-05,https://blog.vebego.nl/,Facilitaire trends in 2026,werkgever,Facility managers en werkgevers die over schoonmaak/facility en vitaliteit van eigen medewerkers lezen.,Corporate blog vooral over facility en eigen diensten — vitaliteit zit erin maar niche werkgever-doelgroep en gastauteurs ongebruikelijk.,Zenuwstelsel-regulatie als preventie bij fysiek-belastend werk in schoonmaak/facility — relevant voor HR in deze sectoren.,geen info gevonden,niet gevonden,Corporate blog van facilitair bedrijf met vitaliteitstips voor medewerkers.,vitaliteit werkgever blog,WebSearch,B
217,bpsw.nl,C12,2,0.475,MEDIUM (DR 30-60),estimated,2026-01-15,https://www.bpsw.nl/actueel/nieuw-expertiseprofiel-opbouwwerk-waarom-het-nodig-is-en-wat-het-betekent/,Nieuw Expertiseprofiel Opbouwwerk,zorgprof,Sociaal werkers en jeugdzorg-professionals binnen de Beroepsvereniging.,"Sterke autoriteit binnen sociaal werk, maar doelgroep is sociaal werkers (niet HR/werkgever); thema verzuim/burn-out wel relevant voor de beroepsgroep zelf.",Zenuwstelsel-regulatie als zelfzorgtool voor sociaal werkers die zelf hoog verzuim- en burn-outrisico kennen.,pitch via redactie,niet gevonden,Beroepsvereniging Sociaal Werk met vakblad - sociaal-werk context.,Zorg en Welzijn vakblad publicatie auteur,WebSearch,C
218,metaalunie.nl,C15,2,0.475,MEDIUM (DR 30-60),estimated,2026-01,https://metaalunie.nl/Actueel/Nieuws/Detail/voortzetting-rvu-regeling-per-1-januari-2026,Voortzetting RVU-regeling per 1 januari 2026,werkgever,MKB-werkgevers in de maakindustrie/metaal die brancheinformatie en CAO/HR-content volgen.,"Brancheorganisatie met focus op CAO/RVU/DI — gastartikel over zenuwstelsel zelden, hoewel doelgroep MKB-werkgevers wel relevant is.",Duurzame inzetbaarheid in de maakindustrie: zenuwstelsel-regulatie tegen vroegtijdig uitval en RVU-claims.,pitch via redactie,niet gevonden,Brancheorganisatie MKB-maakindustrie met content over goed werkgeverschap en HR.,Metaalunie FME industrie werkgever,WebSearch,B
219,jobport.nl,C2,2,0.475,LOW (DR <30),estimated,2026-03-23,https://www.jobport.nl/nieuws/2026/03/23/ai-employability-intelligence-2026/,Hoe we AI in 2026 naar de werkvloer brengen,arbo,"Loopbaan-, re-integratie- en arbeidsdeskundige professionals die met SaaS-platform werken voor matching en diagnose.","SaaS-platform met focus op AI en matching — content vooral product-update en B2B-focus, beperkte ruimte voor zenuwstelsel-gastartikel.",Hoe re-integratiecoaches met zenuwstelsel-data het AI-profiel verrijken bij langdurig psychisch verzuim.,pitch via redactie,niet gevonden,Platform voor loopbaan/verzuim/re-integratie diagnose en matching.,verzuim platform schrijven,WebSearch,B
220,arbeidspsychologenmiddennederland.nl,C16,4,0.47,LOW (DR <30),estimated,2025-07-23,https://arbeidspsychologenmiddennederland.nl/,Polyvagaal theorie in werkcontext (blogpost juli 2025),psycholoog,Werknemers en werkgevers die arbeidspsychologische begeleiding zoeken; vakgenoten in arbeidspsychologie.,"Inhoudelijk zeer sterk passend (polyvagaal in werkcontext is exact het thema), maar kleine praktijksite — peer-context, mogelijk samenwerking ipv gastartikel.",Polyvagale theorie als praktisch kader voor HR en leidinggevenden: van diagnose naar interventie bij dreigend verzuim.,geen info gevonden,niet gevonden,Arbeidspsychologen met blog over polyvagaal theorie in werkcontext.,polyvagaal blog werkgever,WebSearch,C
221,empowr.nl,C2,4,0.47,LOW (DR <30),estimated,2025-05-26,https://www.empowr.nl/en,Empowr - Your partner in reducing sick-leave,HR,"HR, leidinggevenden en werkgevers die ziekteverzuim willen verlagen via burn-out preventie.","Sterke thematische overlap (burn-out, werkstress, verzuim, leidinggevenden); beperkt bereik maar perfecte fit voor gastartikel.",Verzuim halveren door zenuwstelsel-regulatie: 3 concrete oefeningen voor leidinggevenden om burn-out te voorkomen.,geen info gevonden,niet gevonden,Platform voor stress- en burn-outpreventie met manager-content.,burn-out werkstress verzuim,WebSearch,A
222,aenowaterschappen.nl,C9,3,0.465,MEDIUM (DR 30-60),estimated,2025,https://www.aenowaterschappen.nl/activiteiten/hr-monitor-sector-waterschappen,HR-monitor sector waterschappen,HR,HR-professionals en bestuurders in de Nederlandse waterschapsector met focus op duurzame inzetbaarheid en psychosociale arbeidsbelasting.,Sectorspecifiek A&O-fonds met thema's psychologische veiligheid en duurzame inzetbaarheid; relevant maar geen open gastauteur-call zichtbaar.,Zenuwstelsel-regulatie als preventieve interventie voor psychosociale arbeidsbelasting en verzuim binnen waterschappen.,geen info gevonden,niet gevonden,A&O fonds Waterschappen met blogs over vitale en wendbare organisaties.,A&O fonds Waterschappen blog,WebSearch,E
223,dotweb.com,C10,3,0.465,MEDIUM (DR 30-60),estimated,niet gevonden,https://dotweb.com/nieuws/visma-verzuim-lanceert-vitaliteitsplatform/,Visma Verzuim lanceert vitaliteitsplatform,arbo,"Werkgevers, arbodiensten en bedrijfsartsen die Visma Verzuim software gebruiken voor verzuimmanagement.","Marktleider verzuimsoftware (3,5 mln werknemers) met blog + nieuws; sterk bereik bij doelgroep, maar gastauteur-traditie onduidelijk.",Hoe verzuimdata interpreteren door bril van zenuwstelsel-regulatie: van symptoom-tracking naar oorzaak-interventie.,pitch via redactie,niet gevonden,Dotweb blog over inrichting van verzuimsoftware,verzuimsoftware blog Nederland werkgever,WebSearch,C
224,evr.nl,C4,3,0.465,LOW (DR <30),estimated,2026,https://evr.nl/nieuws/ziekteverzuim-2026-werkgever/,Ziekteverzuim in 2026: zo krijgt u als werkgever weer grip op verzuim,werkgever,"Werkgevers, MKB-ondernemers en particulieren die advies zoeken over verzekeringen, pensioenen en verzuim.",Heeft directe 2026-content over ziekteverzuim voor werkgevers; verzekeringsadvieskantoor met actuele blog maar kleiner platform.,"Wat werkgevers in 2026 moeten weten over zenuwstelsel-regulatie als verzuimaanpak, naast verzuimverzekeringen.",geen info gevonden,niet gevonden,Adviesbureau met nieuwsblog over verzuim en mentaal welzijn.,mentaal welzijn werkvloer,WebSearch,D
225,mettom.nl,C2,3,0.465,LOW (DR <30),estimated,2026,https://mettom.nl/blog/ziekteverzuim-welke-risicos-loop-je-bij-een-zieke-medewerker,Ziekteverzuim: risico's voor werkgevers (geupdate 2026),werkgever,"MKB-werkgevers die payroll, HR-dictionary en juridische uitleg zoeken; geen arbodienst maar payroll-provider.",Payroll-bedrijf met HR-woordenboek en blog; thematisch raakt verzuim en werkgeverslasten; matig fit qua zenuwstelsel-thema maar bereik bij MKB-werkgevers.,Kosten van verzuim verlagen: zenuwstelsel-regulatie als preventietool die direct invloed heeft op werkgeverslasten.,geen info gevonden,niet gevonden,Arbodienst-blog over verplichtingen voor werkgevers.,arbodienst werkgever blog,WebSearch,C
226,mijnbedrijfszorg.nl,C11,3,0.465,LOW (DR <30),estimated,2026,https://www.mijnbedrijfszorg.nl/hoe-werkt-mijn-bedrijfszorg/wkr,Werkkostenregeling (WKR) 2026,werkgever,Werkgevers (MKB) die bedrijfszorg/mentaal welzijn inkopen voor medewerkers.,Doelgroep MKB-werkgevers matcht goed; weinig redactionele content zichtbaar in search maar B2B-context van zenuwstelsel-/welzijnsthema past.,Hoe MKB-werkgevers WKR-budget inzetten voor zenuwstelsel-regulatie als verzuimpreventie.,geen info gevonden,niet gevonden,Bedrijfszorgplatform met mentaal welzijn voor medewerkers - aansluitende B2B-context.,mental coach blog NL stress werknemer,WebSearch,D
227,upledger.nl,C16,3,0.465,LOW (DR <30),estimated,2026,https://www.upledger.nl/trauma-regulatie/,Trauma & regulatie (masterclass 15 oktober 2026),zorgprof,Therapeuten en lichaamsgerichte professionals die craniosacraal/somatic experiencing leren.,"Inhoudelijk dichtbij zenuwstelsel/polyvagaal-thema, maar vakopleidingsinstituut met therapeuten als doelgroep — niet HR/werkgevers.",Niet primair voor HR-outreach; eventueel vakgenoot-content over toepassing in arbo-context.,geen info gevonden,niet gevonden,Opleidingsinstituut craniosacraal met blog over zenuwstelsel.,polyvagaal blog,WebSearch,D
228,avansplus.nl,C13,3,0.45,MEDIUM (DR 30-60),estimated,2025-2026,https://avansplus.nl/opleidingen/hrm/hr-en-veranderen/organisatiepsychologie,Masterclass Organisatiepsychologie,HR,Werkende professionals en HR'ers die post-bachelor opleidingen volgen bij Avans+.,Onderwijsinstelling met HRM-tak en organisatiepsychologie; mogelijk passende blogplek maar redactionele kant minder zichtbaar dan vakbladen.,Zenuwstelsel-kennis als praktische verdieping voor HR-professionals in opleiding: van theorie naar interventie bij verzuim.,geen info gevonden,niet gevonden,Avans+ post-bachelor HRM-blog met praktijkartikelen over HR-vakgebied.,Avans HR blog opleiding HRM,WebSearch,D
229,bestuursacademie.nl,C6,3,0.45,MEDIUM (DR 30-60),estimated,2025-09,https://www.bestuursacademie.nl/blog/thema-beleid-en-bestuur-terugblik-prinsjesdag-2025.html,Terugblik Prinsjesdag 2025 | BAN | Bestuursacademie,HR,Overheidsprofessionals en (startend) leidinggevenden bij gemeenten en provincies.,Doelgroep leidinggevenden in publieke sector is relevant voor verzuim/burn-out; blog is sterk beleidsgericht maar biedt openingen rond stress in publieke functies.,Veerkracht en zenuwstelselregulatie voor publieke leidinggevenden onder politieke en organisatorische druk.,geen info gevonden,niet gevonden,Bestuursacademie blog met content voor (startende) leidinggevenden,leidinggeven blog Nederland artikel,WebSearch,F
230,lad.nl,C15,3,0.45,MEDIUM (DR 30-60),estimated,2025-2026,https://www.lad.nl/tekst-cao-vvt-2025-2026-vastgesteld/,Tekst Cao VVT 2025-2026 vastgesteld,bedrijfsarts,"Artsen in dienstverband binnen VVT, GGZ, gehandicaptenzorg en ziekenhuiszorg die CAO-informatie en belangenbehartiging zoeken.",Belangenvereniging artsen; content vooral CAO en arbeidsvoorwaarden; thema verzuim/burn-out raakt hen als beroepsgroep (zelf uitval-risico).,Artsen die zichzelf vergeten: zenuwstelsel-regulatie als preventiestrategie tegen uitval onder zorgprofessionals.,geen info gevonden,niet gevonden,Landelijke vereniging artsen in dienstverband met cao- en HR-content voor zorg.,SBOH huisarts bedrijfsarts,WebSearch,C
231,nicedaynederland.nl,C14,3,0.45,MEDIUM (DR 30-60),estimated,2025-2026,https://nicedaynederland.nl/en/news/a-patient-centred-treatment-with-misi-neuropsy-and-niceday/,A patient-oriented treatment with Misi NeuroPsy and NiceDay,psycholoog,"GGZ-instellingen, therapeuten en patiënten die gebruik maken van het NiceDay platform voor online behandeling.","B2B platform voor GGZ-instellingen, niet primair HR-doelgroep; thematisch raakt mental health behandeling maar gericht op therapeuten.",Hoe online behandeltrajecten zenuwstelsel-data kunnen verzamelen om therapie te personaliseren.,geen info gevonden,niet gevonden,Online behandelplatform voor burn-out en stress met content voor werkenden.,Niceday Nederland blog,WebSearch,C
232,securex.nl,C15,3,0.45,MEDIUM (DR 30-60),estimated,2025-09,https://www.securex.nl/prinsjesdag/,Prinsjesdag 2025: Wijzigingen voor HR en salarisadministratie,HR,"HR-managers, ondernemers en salarisadministrateurs die HR-dienstverlening, payroll en wetgeving willen volgen.",HR-dienstverlener met blog over wet- en regelgeving en HR-tech; content is meer fiscaal/regelgeving dan verzuim/burn-out; matig fit op zenuwstelsel-thema.,Wetgeving en welzijn 2026: hoe zenuwstelsel-regulatie aansluit op de praktijk van moderne HR-dienstverlening.,geen info gevonden,niet gevonden,HR-dienstverlener met blogs over HR-uitdagingen in de zorg.,zorg HR blog Nederland,WebSearch,C
233,dsw.nl,C7,2,0.445,HIGH (DR 60+),estimated,2025,https://www.dsw.nl/Consumenten/DSW-2026,Uw verzekering in 2026,geen-match,Verzekerden (consumenten) en zorgaanbieders; nauwelijks gericht op werkgevers/HR.,Hoge DR maar content is sterk premie/contract-gedreven; nauwelijks HR- of welzijn-blog waar gastartikel past.,Niet primair geschikt; eventueel: zenuwstelsel-regulatie als preventiekader binnen de basisverzekering.,geen info gevonden,niet gevonden,Zorgverzekeraar uit Schiedam met artikelen voor consumenten en werkgevers.,zorgverzekeraar werkgever content,WebSearch,A
234,vzinfo.nl,C12,2,0.445,HIGH (DR 60+),estimated,2025,https://www.vzinfo.nl/slapen/totale-bevolking,Slapen totale bevolking,zorgprof,"Beleidsmakers, onderzoekers en zorgprofessionals die nationale gezondheidsdata raadplegen via RIVM-platform.","Hoge autoriteit RIVM-data-platform maar primair feiten/cijfers, geen opinie/blog-content; geen gastauteur-route.",Niet direct geschikt als gastartikel-plek; eerder bron voor onderbouwing in andere outreach.,geen info gevonden,niet gevonden,RIVM Volksgezondheid en Zorg info - autoriteitsplatform arbeid/gezondheid.,vakblad arbeid en gezondheid Nederland,WebSearch,E
235,appwiki.nl,C2|C10,2,0.445,MEDIUM (DR 30-60),estimated,2026,https://appwiki.nl/boekhouding/programma/beste,Beste Boekhoudprogramma 2026? Top 10 na 62 uur onderzoek,ondernemer,MKB-ondernemers en kantoorprofessionals die zakelijke software vergelijken; HR/verzuim is een sub-categorie naast boekhouding en CRM.,"Vooral softwarevergelijker, beperkte ruimte voor inhoudelijk burn-out/zenuwstelsel-content; mogelijk via verzuimsoftware-categorie.",Hoe verzuimsoftware niet alleen meet maar ook helpt bij vroegtijdig signaleren van zenuwstelsel-overload bij medewerkers.,geen info gevonden,niet gevonden,Vergelijkingsplatform voor HR/verzuim software met redactionele content.,verzuim software vergelijken,WebSearch,E
236,managementdrives.com,C4,2,0.445,MEDIUM (DR 30-60),estimated,2026,https://managementdrives.com/nl/training/groepsprofielen/,Management Drives trainingen 2026 (Groepsprofielen),HR,"HR-professionals, leidinggevenden en organisatieadviseurs die gebruik maken van Management Drives drijfveren-methodiek.",Geen vakblad maar product-/training-website; first_impression klopt niet; weinig redactionele content voor gastartikel.,Drijfveren en zenuwstelsel: hoe individuele Management Drives-profielen samenhangen met stress-respons.,geen info gevonden,niet gevonden,Vakblad Arbo-content publicerend met artikelen duurzame inzetbaarheid.,duurzame inzetbaarheid vakblad,WebSearch,C
237,psychosenet.nl,C16,2,0.445,MEDIUM (DR 30-60),estimated,2026-01-19,https://www.psychosenet.nl/mijn-kijk-op-psychose-een-classificatiemodel/,Mijn kijk op psychose – een classificatiemodel,psycholoog,"Mensen met psychose-ervaring, naasten en behandelaars; patientenplatform met expert-bijdragen.",Focus op psychose/zware psychiatrie eerder dan verzuim/burn-out; doelgroep en thematiek slechts indirect aansluitend.,Niet primair — eventueel via raakvlakken zenuwstelsel-regulatie en (vroegkinderlijk) trauma.,gastauteur netwerk,niet gevonden,Patiëntenplatform met betrouwbare info over polyvagaal therapie.,polyvagaal informatie,WebSearch,D
238,stichting-leerkracht.nl,C15,2,0.445,MEDIUM (DR 30-60),estimated,2026,https://stichting-leerkracht.nl/programmas/leergang-verbetercultuur,Leergang Verbetercultuur 2026-2027,onderwijs,"Schoolleiders, leerkrachten en bestuurders in primair en voortgezet onderwijs.",Specifiek onderwijs-georiënteerd met gespreid leiderschap; randgeval voor HR-zenuwstelsel-pitch.,Werkdruk in onderwijs: hoe leerkrachten zenuwstelsel-regulatie inzetten tegen burn-out en uitstroom.,geen info gevonden,niet gevonden,Stichting voor onderwijs met kennisbank-artikelen over strategisch HRM in onderwijs.,onderwijs HR blog NL,WebSearch,E
239,organizeagile.nl,C6,2,0.445,LOW (DR <30),estimated,2026,https://www.organizeagile.nl/update/de-waarheid-over-agile-transformeren-wat-is-het-niet-en-wat-is-het-ook/,De waarheid over Agile transformeren,coach,"Agile coaches, Scrum masters en leidinggevenden die zich bezighouden met Agile-transformaties en team-coaching.","Agile-niche, weinig directe link met burn-out/verzuim — leiderschap-thema raakt zenuwstelsel-content indirect.",Hoe zenuwstelsel-bewust leiderschap Agile-transformaties duurzaam maakt (psychologische veiligheid + co-regulatie).,pitch via redactie,niet gevonden,Agile-adviseur met blog over leiderschap en coaching,Nederlandse leiderschapscoaching platform blog publiceren,WebSearch,B
240,smartservices.nl,C5,2,0.445,LOW (DR <30),estimated,2026,https://www.smartservices.nl/blog/ondernemen/,Blog Ondernemen (incl. verzuimuitdagingen MKB),ondernemer,MKB-ondernemers en zzp'ers die financiele en bedrijfsmatige advies-content zoeken.,Algemene ondernemers-/financiele blog; verzuim slechts marginaal thema; geen duidelijke HR-/welzijnsfocus.,Verzuimkosten beheersbaar maken voor MKB-ondernemers via zenuwstelsel-regulatie — concreet financieel argument.,pitch via redactie,niet gevonden,Arbo/verzuim-adviseur met blog gericht op MKB-ondernemers,ondernemers blog Nederland verzuim,WebSearch,D
241,assistverzuim.nl,C16|C7,3,0.435,LOW (DR <30),estimated,2026-01-14,https://www.assistverzuim.nl/actueel/,Actueel-sectie met items 2025-2026,arbo,Werkgevers (klein- en middenbedrijf) plus bedrijfsartsen en preventiemedewerkers rond verzuim.,"Verzuim-adviesbureau met relevante content maar beperkt bereik; kan link-juice geven, mits gastartikel-mogelijkheid.",Psychische klachten op de werkvloer: van symptomen naar zenuwstelsel-regulatie als preventieve interventie.,geen info gevonden,niet gevonden,Verzuimadviesbureau met blog over psychische klachten en verzuim.,bedrijfsarts psychische klachten,WebSearch,A
242,hetteamlab.nl,C6,3,0.435,LOW (DR <30),estimated,2025-11-18,https://www.hetteamlab.nl/7-tips-voor-jullie-jaarplan/,Jaarplan maken? Begin direct met deze 7 tips (2026 update)!,onderwijs,Teams en leidinggevenden in hoger onderwijs en wetenschap die trainen op sociale veiligheid en leiderschap.,Relevant voor onderwijs-sector met focus sociale veiligheid en teamdynamiek; smalle niche.,Sociale veiligheid in wetenschappelijke teams: zenuwstelsel-regulatie als gedeelde teamcompetentie.,geen info gevonden,niet gevonden,Trainingsplatform met leiderschapscontent,Nederlandse leiderschapscoaching platform blog publiceren,WebSearch,E
243,samennaarresultaat.nl,C11,3,0.435,LOW (DR <30),estimated,2026-01,https://samennaarresultaat.nl/leidinggeven-aan-neurodiversiteit/,Leidinggeven aan neurodiversiteit,coach,"Leidinggevenden en HR die hun team willen ontwikkelen rondom betrokkenheid, communicatie en neurodiversiteit.","Coachingsblog met recente artikelen (Gallup, neurodiversiteit, leidinggeven); thematische match maar klein bereik en gastauteurschap onduidelijk.",Leidinggeven aan zenuwstelsels: hoe Gallup-betrokkenheid en regulatie van het zenuwstelsel hand in hand gaan.,geen info gevonden,niet gevonden,Coach voor leidinggevenden met werkstresscontent - past bij HR-thema.,mental coach blog NL stress werknemer,WebSearch,C
244,verzekerverzuim.nl,C16,3,0.435,LOW (DR <30),estimated,2025-11-21,https://www.verzekerverzuim.nl/kennisbank,Kennisbank (overzichtspagina),werkgever,Werkgevers die verzuimverzekering vergelijken via een onafhankelijke broker en kennisbank.,Verzuim-broker met kennisbank en blog; potentieel maar beperkt zichtbaar inhoudelijk volume.,Verzuimverzekering 2026: hoe preventief zenuwstelsel-beleid de premie omlaag brengt.,geen info gevonden,niet gevonden,Verzuimplatform met kennisbank rond casemanagement.,casemanager verzuim,WebSearch,E
245,exact.com,C10,2,0.43,HIGH (DR 60+),estimated,2025-06-10,https://www.exact.com/nl/blog/accountancy/op-naar-maximale-kwaliteit-en-controle-in-accountancy,Op naar maximale kwaliteit en controle in accountancy,ondernemer,"MKB-ondernemers, accountants en HR-verantwoordelijken die softwareoplossingen voor boekhouding, HR en payroll inzetten.",Sterke autoriteit maar primair productblog rond software/accountancy; zelden gastauteurs over HR/welzijn-thema's.,Hoe MKB-ondernemers in 2026 verzuimkosten beperken via zenuwstelsel-bewust personeelsbeleid.,geen info gevonden,niet gevonden,Exact Officient HR-platform met content voor MKB-werkgevers,"""Tellow"" OR ""Exact"" OR ""Yoobi"" ondernemers blog HR personeel",WebSearch,E
246,rivm.nl,C4,2,0.43,HIGH (DR 60+),estimated,2025-2026,https://www.rivm.nl/publicaties/eindverslag-vervolg-preventie-zorgstelsel-2025,Eindverslag Vervolg Preventie Zorgstelsel 2025,bedrijfsarts,"Beleidsmakers, gemeenten, professionals in publieke gezondheid en arbo-/zorgveld.",Overheidsdomein met topautoriteit maar gesloten redactie; publicaties komen uit eigen onderzoek en aangesloten experts — gastauteurschap onwaarschijnlijk.,Niet primair — eventueel via meewerken aan RIVM-publicatie over burn-outpreventie als externe expert.,geen info gevonden,niet gevonden,Overheidskennisinstituut met dossier preventie op werk.,preventie werknemer blog,WebSearch,D
247,zorginstituutnederland.nl,C12,2,0.43,HIGH (DR 60+),estimated,2025-10-13,https://www.zorginstituutnederland.nl/documenten/2025/10/13/jaarplan-2026-zorginstituut-nederland,Jaarplan 2026 Zorginstituut Nederland,zorgprof,"Zorgprofessionals, beleidsmakers, zorgverzekeraars en zorgaanbieders; officieel ZBO over basispakket en kwaliteit.",Hoge autoriteit (.gov-achtig) maar puur beleidsmatig/regelgevend; geen redactionele blog of gastauteurs-functie voor HR/welzijn-content.,Zenuwstelselregulatie als passende zorg-onderwerp binnen pakketagenda — wetenschappelijke duidingen.,geen info gevonden,niet gevonden,Officieel Zorginstituut met magazine - autoriteitsplatform.,zorgmagazine vakblad B2B Nederland,WebSearch,F
248,zn.nl,C7,1,0.425,HIGH (DR 60+),estimated,2026,https://www.zn.nl/actueel/voorschrift-zorgtoewijzing-2026-langdurige-zorg-is-gepubliceerd/,Voorschrift zorgtoewijzing 2026 langdurige zorg is gepubliceerd,werkgever,"Zorgverzekeraars, beleidsmakers en pers die brancheinformatie zoeken over zorginkoop, CAO en langdurige zorg.","Brancheorganisatie publiceert vooral beleidsdocumenten, CAO's en standpunten — geen redactioneel kanaal voor gast/expert-content over zenuwstelsel.",n.v.t. — geen redactioneel platform; mogelijk via verzekeraar-leden separaat.,geen info gevonden,niet gevonden,Brancheorganisatie Zorgverzekeraars Nederland met beleidscontent.,zorgverzekeraar werkgever content,WebSearch,B
249,profielen.hr.nl,C13,1,0.425,MEDIUM (DR 30-60),estimated,2026,https://profielen.hr.nl/2026/kort-nieuws-welk-project-verdient-een-toekomstmakers-award/,KORT NIEUWS: Welk project verdient een Toekomstmakers Award?,geen-match,"Studenten en medewerkers Hogeschool Rotterdam; studentenleven, onderwijs en hogeschool-nieuws.","Hogeschool Rotterdam-studentenmedium (hr=hogeschool rotterdam, niet human resources) — geen HR/verzuim-doelgroep.",Niet logisch geschikt; eventueel: studentenstress en zenuwstelsel-regulatie.,pitch via redactie,niet gevonden,Onafhankelijk nieuws Hogeschool Rotterdam met blogsectie.,Hogeschool Rotterdam HRM blog,WebSearch,A
250,gezondeboel.nl,C14,3,0.42,MEDIUM (DR 30-60),estimated,2024-02-05,https://gezondeboel.nl/nieuws/preventie-intake-en-aanmelding-digitaliseren-in-het-sociaal-domein/,Digitaliseren in het sociaal domein - Gezondeboel,werkgever,"Werkgevers, gemeenten en zorgaanbieders die online mentale welzijn-interventies inkopen.","Mentaal welzijn B2B-platform met sterke thematische overlap, maar gevonden content is beperkt en relatief gedateerd.",Zenuwstelselregulatie als methodisch fundament onder digitale mentale welzijn-trajecten voor werknemers.,geen info gevonden,niet gevonden,Online welzijnsplatform met B2B aanbod voor werkgevers.,mental health benefit platform NL,WebSearch,F
251,devitaliteitsmanager.nl,C4,3,0.42,LOW (DR <30),estimated,2025-02-15,https://devitaliteitsmanager.nl/blogs/vitamine-a-van-aandacht/,Vitaliteit op de werkvloer begint met Triple A: Aandacht,HR,Werkgevers en HR die advies zoeken bij vitaliteit-en-verzuimaanpak op de werkvloer.,Adviespraktijk-blog over vitaliteit + leiderschap matcht thematisch goed maar lage autoriteit en beperkte publicatiefrequentie.,De vierde A: Activatie van het zenuwstelsel — een aanvulling op het Triple A-model van vitaliteitsmanager.,pitch via redactie,niet gevonden,Adviespraktijk met blog over verzuimreductie en vitaal leiderschap.,vitaliteitsmanager blog,WebSearch,B
252,onderzoekonderwijs.net,C15,3,0.42,LOW (DR <30),estimated,2025-10-20,https://onderzoekonderwijs.net/2012/12/18/hoe-bereken-je-cijfers-voor-een-toets/,Reacties (oktober 2025) op blog over toetscijfers,onderwijs,"Leraren, onderzoekers en beleidsmakers in onderwijs die over toetsing, curriculum en didactiek lezen.",Onderwijsblog met gastblog-traditie; doelgroep onderwijspersoneel kent hoog burn-outrisico; thematische match maar weinig recente content.,Burn-out in het onderwijs: wat leraren kunnen leren van zenuwstelsel-regulatie tussen lessen door.,gastauteur netwerk,niet gevonden,Blogcollectief onderzoek onderwijs over burn-out als beroepsrisico.,CNV Onderwijs HR blog,WebSearch,C
253,vitalmindz.nl,C14,3,0.42,LOW (DR <30),estimated,2025-02,https://www.vitalmindz.nl/blog/burn-out-bij-millennials-en-gen-zers-hoe-voorkom-je-het/,Burn-out bij millennials en Gen Z'ers: hoe voorkom je het?,HR,HR en werkgevers die preventie/amplitie willen inzetten; mental health platform (fuseert in april 2026 met HSK).,"Sterke thematische match (burn-out, vitaliteit, HR-content) maar Vitalmindz gaat in april 2026 op in HSK — link-toekomst onzeker.",Gen Z en burn-out: drie zenuwstelsel-interventies die werkgevers in 2026 moeten kennen (let op: domein migreert naar HSK).,pitch via redactie,niet gevonden,Mental health app met content gericht op werkgevers en HR.,mental health benefit platform NL,WebSearch,A
254,caogemeenten.nl,C9,2,0.415,MEDIUM (DR 30-60),estimated,2026-01-30,https://www.caogemeenten.nl/cao-gemeenten-2025-2027/arbeidsduur-en-werktijden,Cao Gemeenten 2025-2027 (interim wijziging januari 2026),HR,"HR, P&O en bestuurders van Nederlandse gemeenten die cao-bepalingen toepassen.",Officiele cao-publicatiesite zonder redactionele blog of open call voor gastauteurs; geen kanaal voor inhoudelijke gastbijdrage.,Niet primair geschikt; eventueel via een gerelateerde A&O-fonds publicatie.,geen info gevonden,niet gevonden,Centrale site cao-Gemeenten met richtlijnen over vitaliteitsbeleid.,gemeente werkgevers vitaliteit blog,WebSearch,D
255,denormaalstezaak.nl,C1,2,0.415,MEDIUM (DR 30-60),estimated,2026-01-09,https://www.denormaalstezaak.nl/nieuws/,MKB-subsidie inclusieve technologie,werkgever,"Werkgevers in een netwerk voor inclusief werkgeverschap, met focus op mensen met afstand tot de arbeidsmarkt.","Focus inclusieve arbeidsmarkt (Wajong, Participatiewet) eerder dan burn-out/PSA; randgeval.",Zenuwstelsel-regulatie als ondersteuning voor medewerkers met psychische belastbaarheid binnen inclusief werkgeverschap.,geen info gevonden,niet gevonden,Werkgeversnetwerk voor inclusief werkgeverschap; mogelijk relevant voor verzuim-preventie.,XpertHR partners,WebSearch,E
256,zorggidsnederland.nl,C12,2,0.415,MEDIUM (DR 30-60),estimated,2026-01-23,https://www.zorggidsnederland.nl/nieuws/budget-langdurige-zorg-2026/,Vergoedingen langdurige zorg 2026 voor nu toereikend,zorgprof,Particulieren en familieleden die thuiszorg en zorginstellingen zoeken; ook lezers van zorgnieuws.,"Zorgdirectory met nieuwsblog, vooral B2C-georiënteerd; HR-burn-out pitch matcht minder direct.",Hoe zorgmedewerkers via zenuwstelsel-regulatie minder uitvallen en betere zorg leveren.,geen info gevonden,niet gevonden,Alternatieve zorgportal met artikelsectie.,Nationale Zorggids artikel insturen,WebSearch,E
257,banninkcoaching.nl,C6,2,0.415,LOW (DR <30),estimated,2026-02-18,https://www.banninkcoaching.nl/een-slechte-werksfeer-wat-kun-jij-eraan-doen/,Een slechte werksfeer: hoe kun je die verbeteren?,coach,"Leidinggevenden en werknemers die communicatie, werksfeer en emotieregulatie willen verbeteren.","Persoonlijke coachingsblog met passende onderwerpen, maar één-auteur-praktijk zonder open redactie of gastauteursplek.",Werksfeer verbeteren via zenuwstelselregulatie: hoe leidinggevenden co-regulatie kunnen inzetten bij teamspanningen.,geen info gevonden,niet gevonden,Coachingspraktijk-blog over rust en richting in leiderschap,Nederlandse leiderschapscoaching platform blog publiceren,WebSearch,F
258,budgetcoach.nl,C15,2,0.415,LOW (DR <30),estimated,2026-02-19,https://budgetcoach.nl/blogs/budgetcoach-voor-medewerkers/,Het pensioen: met welke vragen kan een budgetcoach wel of niet helpen?,werkgever,"Werkgevers en HR die geldzorgen van medewerkers willen aanpakken, plus consumenten met budgetvragen.","Geldzorgen-stress raakt zenuwstelsel-thema marginaal; doelgroep deels HR maar focus is financieel, niet welzijn.",Financiele stress en het zenuwstelsel: waarom geldzorgen tot fysiek verzuim leiden en wat HR daaraan kan doen.,geen info gevonden,niet gevonden,Budgetcoaching met blogs voor werkgevers in zorg over geldzorgen personeel.,zorg HR blog Nederland,WebSearch,A
259,ergonomiewebshop.nl,C16,2,0.415,LOW (DR <30),estimated,2026-02-09,https://ergonomiewebshop.nl/blog/beste-monitorarmen,Beste Monitorarm 2026 | Top 3 Gids,werkgever,"Werkgevers, HR en thuiswerkers die op zoek zijn naar ergonomische werkplekoplossingen.","Webshop-blog over ergonomische middelen; doelgroep raakt aan thuiswerken/werkplek, maar zenuwstelsel-thema staat ver van product-blog karakter.",Hoe ergonomie en zenuwstelsel-regulatie samenkomen: van fysieke werkplek naar fysiologische rust.,geen info gevonden,niet gevonden,Ergonomie-webshop met blog over gezond werken.,ergonomisch werken,WebSearch,C
260,heart4happiness.nl,C16,2,0.415,LOW (DR <30),estimated,2026-03-20,https://heart4happiness.nl/publicaties/,World Happiness Report 2026,coach,"Particulieren en coaches geinteresseerd in werkgeluk, persoonlijk geluk en duurzaamheidsthema's.",Coachblog met regelmatige posts maar kleine site en weinig autoriteit; doelgroep deels consument; geen duidelijke HR-/werkgeversorientatie.,Werkgeluk vanuit zenuwstelsel-perspectief: van inspiratie naar fysiologisch herstel.,geen info gevonden,niet gevonden,Coachingpraktijk met content over zenuwstelsel en stress.,polyvagaal blog Nederland,WebSearch,D
261,move4vitality.nl,C4,2,0.415,LOW (DR <30),estimated,2026-03-02,https://play.google.com/store/apps/details?id=com.mabs40.move4vitality,App-update Move4Vitality,werkgever,Werkgevers die werknemers via beweegapps en personalized exercise programs willen ondersteunen.,"App-georiënteerd vitaliteitsplatform, geen zichtbare blog op de site; beperkte publicatie-route.",Beweging als zenuwstelsel-regulator: app-data combineren met HVR voor vroege burn-out signalering.,geen info gevonden,niet gevonden,Vitaliteitsbureau dat verzuim-naar-vitaliteit thema bespreekt voor werkgevers.,vitaliteit werkgever blog,WebSearch,E
262,mybusinessmedia.nl,C15,2,0.415,LOW (DR <30),estimated,2025-12,https://mybusinessmedia.nl/afstudeerstage/,Afstudeerstage vanaf september 2026,werkgever,"Uitgever van vakbladen voor industrie, maritime en techniek (B2B).",Holdingsite van vakbladen; content vooral over mediabrochures/organisatie en niet over verzuim/HR.,"Eventueel via een van de onderliggende vakbladen pitchen, niet direct via mybusinessmedia.nl.",pitch via redactie,niet gevonden,Uitgever van industriebladen en HR-titels.,industrie HR vakblad NL,WebSearch,A
263,personalfitnessnederland.nl,C4,2,0.415,LOW (DR <30),estimated,2026-02-17,https://www.personalfitnessnederland.nl/blog/1-kilo-afvallen/,1 kilo per week afvallen | 6 effectieve tips,coach,Consumenten die personal training zoeken en eventuele werkgevers/coaches voor zakelijke fitness.,Voornamelijk consumenten-fitness en klantverhalen; vitaliteit/HR-hoek is dun.,Voor personal trainers: signalen van een ontregeld zenuwstelsel herkennen tijdens trainingen om burn-out voor te zijn.,geen info gevonden,niet gevonden,Personal training netwerk met vitaliteitsblog gericht op werkgevers/coaches.,vitaliteitsmanager blog,WebSearch,A
264,tibor.nl,C6,2,0.415,LOW (DR <30),estimated,2026-03-13,https://tibor.nl/blog/bedrijfsgroei/,Bedrijfsgroei: de 5 groeifasen van een bedrijf,coach,Ondernemers en leidinggevenden die coachingsadvies zoeken voor bedrijfsgroei en leiderschap.,Eénpersoons coachingsblog met weinig zichtbare content; gastauteur-traditie onduidelijk; klein bereik.,Groeifasen en stressfasen: hoe leiderschap in elke fase zenuwstelsel-regulatie nodig heeft.,geen info gevonden,niet gevonden,Coachingsblog over teamprestaties en leiderschap,Nederlandse leiderschapscoaching platform blog publiceren,WebSearch,C
265,tracksoftware.nl,C2,2,0.415,LOW (DR <30),estimated,2026-04,https://www.tracksoftware.nl/bar-formulier-in-track/,BAR formulier beschikbaar in Track,arbo,"Arbodiensten, casemanagers en regiebedrijven die verzuimsoftware gebruiken.",Vendor-content over software-features; geen redactionele blog over verzuim-thema's.,Wat verzuimdata niet meet: zenuwstelsel-signalen als ontbrekende laag in moderne verzuim-software.,geen info gevonden,niet gevonden,Track verzuimsysteem met content voor arbodiensten en regiebedrijven.,verzuim software arbodienst,WebSearch,A
266,ttifenarbo.nl,C2,2,0.415,LOW (DR <30),estimated,2026-04,https://www.ttifenarbo.nl/category/nieuws/,Overgang naar Verdi Fit (rebrand),arbo,Werkgevers en HR die arbodienst en re-integratie zoeken; transitioneert naar Verdi Fit.,Arbodienst in rebrand (Verdi Fit); link-waarde van ttifenarbo.nl daalt mogelijk door domeintransitie.,Wat doet een arbodienst echt? Zenuwstelsel-aanpak als next-level interventie voor de moderne arbodienst.,geen info gevonden,niet gevonden,Arbodienst met blog over wat een arbodienst doet voor werkgevers.,arbodienst werkgever,WebSearch,A
267,zorgmasters.nl,C3,2,0.415,LOW (DR <30),estimated,2025-12,https://zorgmasters.nl/uitgelicht/capaciteitsorgaan-adviseert-meer-pas-en-vsen-op-te-leiden/,Capaciteitsorgaan adviseert meer PA's en VS'en op te leiden,zorgprof,"Physician Assistants (PA), Verpleegkundig Specialisten (VS), opleiders en zorgmanagers rondom taakherschikking in de zorg.","Niche zorgmasters/taakherschikking-thema, geen specifieke werkgever-/burn-out-content — beperkte match voor zenuwstelsel-content.",Hoe PA's en VS'en zenuwstelsel-perspectief inzetten bij patientenpopulaties met SOLK/ALK.,pitch via redactie,niet gevonden,Platform Zorgmasters met kennisartikelen over bedrijfsgezondheidszorg.,bedrijfsgezondheidszorg platform,WebSearch,B
268,zichtbaarnetwerken.nl,C5,2,0.406,unknown,estimated,niet gevonden,niet gevonden,niet gevonden,ondernemer,Vermoedelijk ondernemers en zzp-netwerk met gastblog-functie; geen searchresultaten van het domein gevonden.,"First impression noemt expliciete gastblog-mogelijkheid, maar geen searchresultaten gevonden om site-activiteit te bevestigen.",Ondernemers en zenuwstelselregulatie: hoe je in een krappe markt zelf én je team gezond houdt.,open call,niet gevonden,Ondernemersnetwerk met expliciete gastblog-mogelijkheid,"""ondernemer.nl"" OR ""ikgastarten"" OR ""deondernemer.nl"" gastblog",WebSearch,F
269,arboindepraktijk.nl,C2,3,0.405,MEDIUM (DR 30-60),estimated,niet gevonden,niet gevonden,niet gevonden,arbo,"Arboprofessionals, preventiemedewerkers en HR-managers die praktische arbocontent zoeken.","Arbo-vakcontent is sterk passend voor verzuim/burn-out-pitches, maar geen evidente open redactie en geen indexering bevestigd.",Polyvagale theorie als verklarend kader voor stressgerelateerd verzuim — bruikbare interventies voor arbo-adviseurs.,geen info gevonden,niet gevonden,Onderdeel van Arbo Professionals abonnement met praktische arbocontent.,arbo vakblad gastartikel,WebSearch,F
270,isbw.nl,C13,3,0.405,MEDIUM (DR 30-60),estimated,niet gevonden,https://www.isbw.nl/kenniscentrum/artikel/persoonlijk-leiderschap-is-een-reis-zonder-eindbestemming.htm,Persoonlijk leiderschap: een reis zonder eindbestemming,HR,"Professionals in management, finance, facility en zorg & welzijn die post-HBO en MBA-opleidingen volgen.",Opleider met kenniscentrum-artikelen over leiderschap en organisatiepsychologie; relevante doelgroep maar content vooral programma-pagina's.,Organisatiepsychologie 2026: zenuwstelsel-regulatie als ontbrekende laag in verandermanagement en leiderschapsontwikkeling.,geen info gevonden,niet gevonden,ISBW HRM-opleider met blog over korte HRM-trainingen.,HR opleiding blog Nederland kennisplatform,WebSearch,C
271,bedrijfsartsworden.nl,C3,3,0.405,LOW (DR <30),estimated,2025,https://www.bedrijfsartsworden.nl/nieuws/groeiende-belangstelling-voor-bedrijfsartsen/,Groeiende belangstelling voor bedrijfsartsen,bedrijfsarts,"Aankomende en huidige bedrijfsartsen, plus belangstellenden voor het vak.",Niche maar precies de juiste doelgroep (bedrijfsartsen); link uit deze hoek heeft thematische autoriteit ondanks beperkt bereik.,Wat bedrijfsartsen moeten weten over zenuwstelsel-regulatie bij langdurig burn-out verzuim — een praktische introductie.,geen info gevonden,niet gevonden,Informatieplatform over bedrijfsartsenvak met content over het beroep.,bedrijfsarts opleiding,WebSearch,A
272,besuitable.nl,C2|C16,3,0.405,LOW (DR <30),estimated,2025,https://www.besuitable.nl/verlenging-van-de-vereenvoudigde-wia-beoordeling-voor-60-plussers/,Verlenging van de vereenvoudigde WIA-beoordeling voor 60-plussers,arbo,"Werkgevers, casemanagers en HR rond verzuim, WIA en re-integratie in Nederland.",Casemanagement-specialist met juridische verzuim-content; thematisch relevant maar bereik beperkt.,Voorbij protocollen: hoe casemanagers zenuwstelsel-signalen herkennen om re-integratie bij burn-out beter te laten landen.,geen info gevonden,niet gevonden,Be Suitable platform met geregistreerde specialisten en content.,casemanagement geregistreerd,WebSearch,A
273,care2care.nl,C15,3,0.405,LOW (DR <30),estimated,niet gevonden,https://www.care2care.nl/,niet gevonden,zorgprof,Werkgevers in zorg en welzijn in Midden-Holland en Holland Rijnland — focus op personeelsbehoud en arbeidsmarktvraagstukken.,"Regionale werkgeversorganisatie in zorg met passende thema's (personeelsbehoud, verzuim) maar beperkt zichtbare blogactiviteit.",Hoe zorgwerkgevers personeel behouden door zenuwstelselregulatie in te bouwen in dagelijks werkritme en herstelmomenten.,pitch via redactie,niet gevonden,Adviesbureau zorgsector met artikelen over subsidies en personeelsbehoud.,SectorplanPlus zorg welzijn,WebSearch,F
274,isamupsychologen.nl,C11,3,0.405,LOW (DR <30),estimated,niet gevonden,https://www.isamupsychologen.nl/blog/,Blog - Isamu Psychologen,psycholoog,Volwassenen in Amsterdam-West met burn-out/stress/trauma die psychologische hulp zoeken; publiek van patienten en geinteresseerden.,"Psychologenpraktijk met inhoudelijke burn-out-blog (herstelfases, mindset) — sterke thematische match, beperkt bereik, gastauteur via collega-psycholoog mogelijk.",Zenuwstelsel-perspectief op burn-outherstel: aanvulling op de mindset/vermijding-fase-content.,pitch via redactie,niet gevonden,Psychologenpraktijk met inhoudelijke burn-outblogs over herstelmythen.,psycholoog blog werkgever Nederland burn-out,WebSearch,B
275,phocus.nl,C15,3,0.405,LOW (DR <30),estimated,2025,https://phocus.nl/kennisbank/de-wet-dba-schijnzelfstandigheid-voorkomen-als-zzper-zo-pak-je-het-aan/,Wet DBA: schijnzelfstandigheid voorkomen als zzp'er,HR,"Werkgevers en HR-professionals die HR-, payroll- en zzp-zaken organiseren (deels zorg-focus).",HR-adviesbureau met kennisbank; werkgevers- en zorg-HR-content maar zichtbaarheid in zoekresultaten beperkt.,HR in de zorg: zenuwstelsel-werk als verzuim-interventie naast cao-/payroll-werk.,geen info gevonden,niet gevonden,HR-adviesbureau met sectorpagina en blogs over HR in de zorg.,zorg HR blog Nederland,WebSearch,A
276,rochewood.nl,C2,3,0.405,LOW (DR <30),estimated,2025,https://www.rochewood.nl/?ka_thema=letselschade,Letselschade kennisartikel (NIVRE basistraining per 1-1-2025),arbo,"Casemanagers, letselschadeprofessionals en regie-aanbieders bij verzuim/arbeidsongeschiktheid.","Casemanagement/letselschade-thema is sterk relevant voor verzuim; kleine maar gerichte site, gastauteurs niet zichtbaar.",Zenuwstelselregulatie als doorbraak bij casemanagement van complex langdurig verzuim.,geen info gevonden,niet gevonden,Kennisartikelen over opleidingen voor casemanagers en regiebehoeften.,casemanager opleiding,WebSearch,F
277,zorgzijnwerkt.nl,C15,3,0.405,LOW (DR <30),estimated,niet gevonden,https://www.zorgzijnwerkt.nl/nieuws,ZorgZijn Werkt - Nieuws,werkgever,Werkgevers in zorg en welzijn in regio Haaglanden/Nieuwe Waterweg Noord die arbeidsmarktoplossingen zoeken.,Regionaal werkgeversverband zorg/welzijn — arbeidsmarktoplossingen-thema raakt aan duurzame inzetbaarheid en verzuim; gastartikel mogelijk via partnerschap.,Hoe zorginstellingen in Haaglanden zenuwstelsel-regulatie inzetten om uitstroom en burn-out te beperken.,pitch via redactie,niet gevonden,Regionaal werkgeversverband Haaglanden zorg met arbeidsmarktcontent.,SectorplanPlus zorg welzijn,WebSearch,B
278,ey.com,C4,2,0.4,HIGH (DR 60+),estimated,2025-02-04,https://www.ey.com/nl_nl/insights/assurance/jong-leiderschapstalent-kan-positieve-verandering-aanjagen,Jong leiderschapstalent kan positieve verandering aanjagen,werkgever,"C-level, ondernemers en HR-directie in Nederland; corporate audience.",Zeer hoge DR maar redactioneel proces is strikt corporate; gastauteurschap zonder EY-relatie is in praktijk onwaarschijnlijk.,Mentaal welzijn als bestuurlijke KPI: zenuwstelsel-regulatie als operating model voor leiderschap.,geen info gevonden,niet gevonden,Adviesplatform met NL ondernemerscontent over mentaal welzijn (lage prioriteit).,mentaal welzijn werkgever,WebSearch,A
279,zorgwijzer.nl,C7,1,0.395,HIGH (DR 60+),estimated,2025-11,https://www.zorgwijzer.nl/zorgverzekering-2026,Zorgverzekering 2026 vergelijken? Dit wordt jouw premie,geen-match,Consumenten die zorgverzekeringen vergelijken; geen werkgevers- of HR-focus.,Vergelijkingssite met consumentenfocus; geen redactionele invalshoek voor HR/verzuim/burn-out gastartikel.,Niet logisch geschikt; eventueel: aanvullende verzekering en preventie van burn-out (consumenten-angle).,geen info gevonden,niet gevonden,Vergelijkingssite met content over zorgverzekeraars in Nederland.,zorgverzekeraar werkgever content,WebSearch,A
280,arboteam.nl,C16,3,0.39,LOW (DR <30),estimated,2025-05-01,https://www.arboteam.nl/aandacht-voor-de-zieke-werknemer/,Aandacht voor de zieke werknemer,arbo,"Werkgevers en werknemers die te maken hebben met verzuim, re-integratie en arbeidsongeschiktheid.","Thematisch relevant (verzuim, re-integratie, zieke medewerker) maar weinig recente content en geen zichtbare gastauteur-call; klein arbo-aanbiederssite.",Wat de zenuwstelsel-lens toevoegt aan de gesprekken die werkgevers voeren met zieke en re-integrerende werknemers.,geen info gevonden,niet gevonden,Arbo-aanbieder met blog over mindful werken en werkstress.,mindful werken blog,WebSearch,C
281,brainnetwork.nl,C11,3,0.39,LOW (DR <30),estimated,2025-06,https://www.brainnetwork.nl/category/stress-klachten/,Stress klachten (visie gepubliceerd in Happinez juni 2025),psycholoog,"Particuliere clienten in Zeist met stress-, angst- en burn-outklachten, plus aanverwante verwijzers.","Inhoudelijk dichtbij zenuwstelsel-thema (PMT, stress), maar consumentenpraktijk en kleine site; werkgeversinvalshoek ontbreekt grotendeels.",Zenuwstelsel-regulatie als brug tussen psychotherapie en lichaamsgerichte interventies bij stressgerelateerd verzuim.,geen info gevonden,niet gevonden,Psychologie-blog over breinwerking - dichtbij zenuwstelselthema.,psychosomatiek blog Nederland werk gezondheid,WebSearch,D
282,bvo.nl,C6,3,0.39,LOW (DR <30),estimated,2025-10-15,https://www.bvo.nl/blog/vergroot-jouw-persoonlijke-effectiviteit-zeven-tips,Vergroot je persoonlijke effectiviteit met 7 tips,coach,"Professionals die zich willen ontwikkelen via trainingen op het gebied van leidinggeven, zakelijk schrijven en communicatie.","Klein trainingsbureau met leiderschapsblog; thematische match (effectief leidinggeven, communicatie) maar weinig zichtbare gastauteur-traditie.",Praktische leiderschapsvaardigheden om signalen van dysregulatie bij medewerkers tijdig te herkennen en aan te pakken.,geen info gevonden,niet gevonden,Opleidingsblog over hierarchisch en functioneel leidinggeven,leidinggeven blog Nederland artikel,WebSearch,C
283,expertiseorgaan.nl,C2,3,0.39,LOW (DR <30),estimated,2025-07-11,https://expertiseorgaan.nl/nieuws/welke-wia-uitkeringen-zijn-er/,Welke WIA-uitkeringen zijn er? | Het Expertise Orgaan,arbo,"Werkgevers, juristen en HR-professionals die te maken hebben met WIA/UWV-procedures en arbeidsdeskundig onderzoek.",Praktijksite met diepgaande verzuim/WIA-content; sterke thematische match maar onduidelijke open redactie voor externe auteurs.,Zenuwstelselbenadering bij langdurig verzuim — hoe arbeidsdeskundigen onderbouwde re-integratie versnellen.,geen info gevonden,niet gevonden,Praktijkblog over arbeidsdeskundig onderzoek; B2B doelgroep.,arbeidsdeskundig onderzoek,WebSearch,F
284,fhris.nl,C10,3,0.39,LOW (DR <30),estimated,2025-09-30,https://www.fhris.nl/blogs/,Prinsjesdag en Tax Plan 2026 (blog van 30-09-2025),HR,HR-professionals en werkgevers die HR-software gebruiken en geïnformeerd willen worden over wetgeving en salarisadministratie.,"Vendor-blog met HR/salaris-content; bereikt HR-doelgroep maar focus op fiscaal/loon, niet primair verzuim/burn-out.",Salarissen en verzuim: hoe zenuwstelsel-regulatie helpt om verzuimkosten op de loonstrook structureel te verlagen.,geen info gevonden,niet gevonden,Aanbieder van HR- en verzuimregistratie-software met inhoudelijke blogs,verzuimsoftware blog Nederland werkgever,WebSearch,C
285,therapoint.nl,C11,3,0.39,LOW (DR <30),estimated,2025-03,https://www.therapoint.nl/blog/de-ideale-praktijkruimte-inrichtingstips-voor-coaches-en-therapeuten,De ideale praktijkruimte: inrichtingstips voor coaches en therapeuten,coach,Coaches en therapeuten in Nederland (zelfstandige praktijken); platform voor vakontwikkeling.,"Coach/therapeut-platform met blog; relevante doelgroep voor body-mind-content, geen directe HR-link.",Zenuwstelsel-regulatie als unique selling point voor coaches: hoe je verzuimproblematiek opent als nieuwe niche.,gastauteur netwerk,niet gevonden,Coach- en therapeutenplatform met blog over coachvak en tarieven.,coach federatie Nederland blog,WebSearch,A
286,vitaalconcern.nl,C16,3,0.39,LOW (DR <30),estimated,2025-07-04,https://www.vitaalconcern.nl/blog/de-rol-van-werkcultuur-in-het-voorkomen-van-verzuim,De rol van werkcultuur in het voorkomen van verzuim,HR,"Werkgevers, HR en leidinggevenden gericht op preventief burn-out beleid en veerkracht-training.","Vitaliteits-adviesbureau met directe burn-out/verzuim blog; thematische match, beperkte autoriteit.",Werkcultuur en zenuwstelsel: hoe HR een fysiologisch fundament onder burn-out preventie legt.,geen info gevonden,niet gevonden,Vitaliteitsadviesbureau met blog over burn-out preventie medewerkers.,burn-out preventie blog,WebSearch,E
287,werkpsycholoog.nl,C16,3,0.39,LOW (DR <30),estimated,2025-2026,https://www.werkpsycholoog.nl/hoe-te-herstellen-van-overbelasting/,Hoe te herstellen van overbelasting?,psycholoog,"Werkgevers, HR en managers die bedrijfspsychologische zorg voor werknemers inkopen.",Concurrent-/vakgenoot-praktijk met thematisch matchende blog; doelgroep HR maar beperkte autoriteit en directe overlap met eigen aanbod.,Niet primair; eventueel content-uitwisseling over zenuwstelsel als aanvulling op CGT/bedrijfspsychologie.,geen info gevonden,niet gevonden,Bedrijfspsychologenpraktijk met blog gericht op managers en HR.,verzuim psychische klachten,WebSearch,D
288,zorgaanzet.org,C15,3,0.39,LOW (DR <30),estimated,2025-08-19,https://www.zorgaanzet.org/uitgelicht/next-steps-voor-nieuwkomers,Next Steps voor Nieuwkomers,HR,Werkgevers en HR-managers in zorg en welzijn in Limburg die personeel werven en behouden.,"Regionaal zorgwerkgeversverband Limburg; relevante HR-doelgroep in zorg, maar content vooral subsidieprogramma's en projectinformatie.",Zorgmedewerkers behouden in Limburg: zenuwstelsel-regulatie als praktisch antwoord op uitval en uitstroom.,geen info gevonden,niet gevonden,Regionaal werkgeversverband zorg Limburg met blog over personeelsbehoud.,SectorplanPlus zorg welzijn,WebSearch,C
289,handboekarbeidengezondheid.nl,C12,2,0.385,MEDIUM (DR 30-60),estimated,niet gevonden,https://www.handboekarbeidengezondheid.nl/,Handboek arbeid en gezondheid (homepage),bedrijfsarts,"Bedrijfsartsen, arbeidsdeskundigen en zorgprofessionals in arbeid-en-gezondheid; academische/handboek-context.",Vooral statisch handboek met beperkte blog-stroom; sterke autoriteit maar weinig dynamische publicatiemogelijkheden.,Polyvagaal-theorie en zenuwstelsel-regulatie als evidence-based aanvulling op handboek arbeid en gezondheid.,pitch via redactie,niet gevonden,Handboek Arbeid & Gezondheid - autoriteitsbron rond werk-gezondheid.,vakblad arbeid en gezondheid Nederland,WebSearch,E
290,nti.nl,C13,2,0.385,MEDIUM (DR 30-60),estimated,niet gevonden,https://www.nti.nl/blog/,Lees onze nieuwste blogs | NTI,HR,Volwassen studenten en professionals die thuisstudies/HBO-opleidingen (waaronder HRM) volgen bij NTI.,"Onderwijsinstituut met blog, doelgroep deels HRM-studenten — gastauteur extern eerder ongebruikelijk, weinig zicht op redactie-openheid.",Studiethema: wat HRM-studenten moeten weten over zenuwstelsel-regulatie in moderne werkbeleidspraktijk.,pitch via redactie,niet gevonden,NTI Master HRM - opleider met blog-/contentcontext.,master HRM blog Nederland onderzoek werk,WebSearch,B
291,bewegingveroorzakers.nl,C6,2,0.385,LOW (DR <30),estimated,2026,https://www.bewegingveroorzakers.nl/trainingen/,Trainingen leiderschap (programmastart maart/juni 2026),coach,Leidinggevenden en managers in middelgrote organisaties die leiderschap en cultuurverandering willen ontwikkelen.,Trainingsacademy met focus op leiderschap; weinig redactionele blog-content gevonden in search; beperkte link-waarde.,Zenuwstelsel-bewust leidinggeven: hoe leiders co-reguleren in plaats van stress doorgeven aan teams.,geen info gevonden,niet gevonden,Adviespraktijk met blog over leiderschapstheorie en praktijk,leidinggeven blog Nederland artikel,WebSearch,D
292,conciencia-coaching.nl,C15,2,0.385,LOW (DR <30),estimated,2026,https://conciencia-coaching.nl/hoe-angst-voor-verandering-jou-belemmert/,Hoe angst voor verandering jou belemmert om in actie te komen,coach,Werknemers in (post-)burn-out die willen re-integreren plus hun werkgevers.,"Kleine consumentencoachpraktijk; thematisch dichtbij, maar beperkte autoriteit/bereik en concurrent in plaats van platform.",Niet primair; eventueel gezamenlijke kennisartikel over zenuwstelsel-aspecten van re-integratie.,geen info gevonden,niet gevonden,Coachpraktijk met blogs over oorzaken burn-out in onderwijs.,CNV Onderwijs HR blog,WebSearch,D
293,leanz.nl,C2,2,0.385,LOW (DR <30),estimated,2026,https://leanz.nl/restverdiencapaciteit-wat-houdt-het-in/,"Restverdiencapaciteit, wat houdt het in?",arbo,WIA-/WGA-uitkeringsgerechtigden en hun adviseurs; niet primair HR.,"Site richt zich op uitkeringsgerechtigden, niet op werkgevers/HR; thematisch overlap met re-integratie maar verkeerde doelgroep.",Niet primair voor outreach — eerder content-partner-overweging.,geen info gevonden,niet gevonden,Blog over arbeidsdeskundigen en re-integratie processen.,arbeidsdeskundige UWV,WebSearch,D
294,medprevent.nl,C16,2,0.385,LOW (DR <30),estimated,2026,https://www.medprevent.nl/alle-trainingen/,BHV-training en Veiligheidstrainingen 2026,arbo,Werkgevers die BHV-/veiligheidstrainingen inkopen; minder een blog-/redactionele site.,Cursusboekingssite zonder duidelijke blogcomponent (eerste indruk slaap-content niet terug gevonden); beperkte gastauteursmogelijkheid.,"Niet primair — eventueel content rond slaap/herstel als BHV-aanvulling, mits redactie/blog wordt teruggevonden.",geen info gevonden,niet gevonden,Gecertificeerde arbodienst met blog over slaap en gezondheid.,slaap arbodienst Nederland,WebSearch,D
295,ned-personeel.nl,C15,2,0.385,LOW (DR <30),estimated,2026,https://ned-personeel.nl/wijziging-in-de-directie-van-ned-personeel/,Wijziging in de directie van NED Personeel,werkgever,"Werkgevers in logistiek, horeca en industrie die personeel inhuren of backoffice-diensten zoeken.",Detacheringsplatform met blog over CAO en kosten; beperkte ruimte voor inhoudelijk verzuim/burn-out content.,Hoe uitzendbureaus zenuwstelsel-bewust kunnen plaatsen in fysiek belastende sectoren als logistiek en industrie.,geen info gevonden,niet gevonden,Detacheerder maakindustrie met content over personeel.,industrie HR vakblad NL,WebSearch,E
296,nlzorgnieuws.nl,C12,2,0.385,LOW (DR <30),estimated,2025,https://nlzorgnieuws.nl/,NLZorgnieuws actualiteiten 2025-2026,zorgprof,Zorgprofessionals en geinteresseerde lezers met nieuws over de Nederlandse zorgsector.,Algemeen zorgnieuws-portal; HR/burn-out is randthema en redactie focust op casus/nieuws meer dan op gastartikelen.,Verzuim in de zorg: zenuwstelsel-werk als onderbelichte interventie bij personeelstekort.,pitch via redactie,niet gevonden,Nieuwsportal over zorg NL - mogelijk kanaal voor branchecontent.,Nationale Zorggids artikel insturen,WebSearch,A
297,nonons.nl,C6,2,0.385,LOW (DR <30),estimated,2026,https://nonons.nl/loopbaancoach-opleiding-amsterdam-rotterdam/,Loopbaancoach Opleiding,coach,"Coaches-in-opleiding, HR-professionals en trainers die zich willen ontwikkelen tot loopbaancoach of trainer.","Coachopleidingsplatform, beperkt blog-publiek; weinig opening voor externe HR-pitch.",Zenuwstelsel-regulatie als basiscompetentie voor loopbaancoaches en HR-coaches.,geen info gevonden,niet gevonden,Coachplatform met blog over leiderschapscoaching,Nederlandse leiderschapscoaching platform blog publiceren,WebSearch,E
298,team-hr.nl,C5,2,0.385,LOW (DR <30),estimated,2026,https://www.team-hr.nl/,Team-HR herbranding en groeiplannen 2026,HR,MKB-werkgevers (Utrecht/regio) die HR-/loopbaancoaching inkopen.,"Klein HR-adviesbureau zonder duidelijk blog-platform-karakter; beperkte autoriteit, eerder vakgenoot dan distributieplatform.",Niet primair voor outreach; eventueel partner-content rond zenuwstelsel-coaching binnen WERKboek-aanpak.,geen info gevonden,niet gevonden,HR-adviesbureau voor MKB met content over personeelsstrategie,MKB platform Nederland gastartikel HR,WebSearch,D
299,vitaalarbo.nl,C2|C4,2,0.385,LOW (DR <30),estimated,2026,https://www.vitaalarbo.nl/tarieven,"Tarieven 2026 (case management, UWV-meldingen)",arbo,Werkgevers die arbodienst-/casemanagement-diensten inkopen.,"Arbodienst-site met beperkte zichtbare blog-content in search; vooral dienstverleningspagina's, weinig open auteursroute.",Zenuwstelsel-regulatie als preventieve aanvulling op casemanagement-trajecten.,geen info gevonden,niet gevonden,Arbodienst met blog over arbeidsdeskundig onderzoek.,arbeidsdeskundige blog,WebSearch,D
300,zakelijkgroeien.nl,C5,2,0.385,LOW (DR <30),estimated,2026,https://zakelijkgroeien.nl/belastingen/welke-aftrekposten-zzp/,Alle ZZP aftrekposten op een rij 2026,ondernemer,Zzp'ers en startende ondernemers die fiscale/financiele informatie zoeken.,ZZP-platform met fiscale focus; thematisch verzuim/welzijn niet kernonderwerp; mismatch met HR/werkgevers-doelgroep.,Niet primair — eventueel angle voor zzp'ers zelf: zenuwstelsel-regulatie als eigen-AOV-preventie.,geen info gevonden,niet gevonden,Platform voor zzp en ondernemers met ondernemers-content,"""ondernemer.nl"" OR ""ikgastarten"" OR ""deondernemer.nl"" gastblog",WebSearch,D
301,zakenwijzer.nl,C2|C4,2,0.385,LOW (DR <30),estimated,2026,https://www.zakenwijzer.nl/opleiden/trainingen/vertrouwenspersoon/,Training Vertrouwenspersoon in 1 dag,HR,"Werkgevers, HR en bedrijfscoaches die zich willen ontwikkelen op vertrouwenspersoon, arbo en bedrijfsvoering.",Trainingsplatform met smalle vertrouwenspersoon-focus; geen sterke blog-route zichtbaar.,Vertrouwenspersoon en zenuwstelsel: hoe een zenuwstelsel-bewuste vertrouwenspersoon eerder grensoverschrijdend gedrag signaleert.,geen info gevonden,niet gevonden,Brede zakelijke blog met categorie arbodienst voor werkgevers.,arbodienst blog werkgever,WebSearch,E
302,stressvrijvoordeklas.nl,C15,3,0.375,LOW (DR <30),estimated,niet gevonden,https://stressvrijvoordeklas.nl/,niet gevonden,onderwijs,Leerkrachten en teams in het onderwijs die werkdruk willen verlagen (coaching Anke Velstra).,Thematisch zeer relevant (werkdruk en stress in onderwijs) maar kleine site met weinig recente content in search.,Werkdruk in het onderwijs: vier zenuwstelsel-routines waarmee leerkrachten ruimte terug nemen voor de klas.,gastauteur netwerk,niet gevonden,Coachingblog voor leerkrachten met burn-out en stress.,CNV Onderwijs HR blog,WebSearch,A
303,trainjegelukscompetenties.nl,C1,3,0.375,LOW (DR <30),estimated,niet gevonden,https://trainjegelukscompetenties.nl/tag/werkgeluk/,Werkgeluk Archieven,HR,HR-managers en Chief Happiness Officers die werkgeluk willen integreren in hun organisatie.,Niche-platform van Veronique Kilian over werkgeluk; thematisch passend bij welzijn/HR maar klein bereik en eerder peer-/podcastkandidaat.,Werkgeluk vanuit het zenuwstelsel: waarom geluksinterventies pas werken als het systeem in regulatie zit.,gastauteur netwerk,niet gevonden,Werkgeluk-content voor HR managers; klein platform met gericht thema.,HR werkgeluk,WebSearch,C
304,acp.nl,C7,2,0.37,MEDIUM (DR 30-60),estimated,2025-2026,https://acp.nl/extra-inkomen-bij-arbeidsongeschiktheid-de-loyalis-verzekering-vanaf-2026/,Extra inkomen bij arbeidsongeschiktheid: de Loyalis-verzekering vanaf 2026,werkgever,"Politiemedewerkers en hun belangenbehartiging rond arbeidsvoorwaarden, arbeidsongeschiktheid en welzijn.","Vakbondssite voor politie; doelgroep is medewerkers, niet HR-managers; thema arbeidsongeschiktheid raakt verzuim maar niet direct zenuwstelsel-regulatie voor HR.",Hoe stressvolle dienst impact heeft op zenuwstelsel-regulatie en wat leidinggevenden bij politie kunnen doen aan herstel en verzuimpreventie.,geen info gevonden,niet gevonden,Politievakbond ACP-CNV met artikelen over arbeidsongeschiktheid en welzijn.,inkomensverzekeraar blog werkgever,WebSearch,C
305,samenvoordeklant.nl,C9,2,0.37,MEDIUM (DR 30-60),estimated,2025-07-24,https://www.samenvoordeklant.nl/nieuws/hervorming-arbeidsmarktinfrastructuur-wettelijke-invoering-uitgesteld-maar-niet-start-van,"Hervorming arbeidsmarktinfrastructuur: wettelijke invoering uitgesteld, maar niet start van Werkcentra",HR,"Professionals bij gemeenten, UWV en WSP's die werkgevers en werkzoekenden ondersteunen.",Overheidsketenplatform; focus op arbeidsmarkt-infrastructuur (Werkcentra) eerder dan verzuim/welzijn — niet kern-doelgroep.,Niet primair voor zenuwstelsel-thema; eventueel raakvlak via re-integratie van mensen met psychische kwetsbaarheid.,geen info gevonden,niet gevonden,Landelijk platform werkgeversservicepunten met content over arbeidsmarkt.,WSP werkgeversservicepunt artikel,WebSearch,D
306,werkbaarwerk.be,C15,2,0.37,MEDIUM (DR 30-60),estimated,2025-06,https://www.werkbaarwerk.be/werkbaarwerk/publicaties/overzicht,Publicaties Werkbaar Werk sectoren 2025,werkgever,"Vlaamse werkgevers, sectororganisaties en beleidsmakers rond werkdruk en werkbaarheid (SERV).",Vlaams-Belgische SERV-publicaties; thematisch relevant maar buiten primaire NL HR-doelgroep en taalgebied iets afwijkend.,Werkbaar werk in 2026 begint bij het zenuwstelsel: lessen van Belgische werkgevers voor de Nederlandse HR.,geen info gevonden,niet gevonden,Belgisch platform met tools en voorbeelden over werkdruk (BE/NL).,FNV werkgever blog,WebSearch,A
307,wsgo.nl,C9,2,0.37,MEDIUM (DR 30-60),estimated,2025-2026,https://wsgo.nl/nieuws/eindresultaat-van-de-onderhandelingen-over-cao-sgo-en-cao-gemeenten-2025-2027,Eindresultaat Cao SGO en Cao Gemeenten 2025-2027,HR,HR en bestuur van samenwerkende gemeentelijke organisaties (SGO-werkgevers).,Werkgeversvereniging met cao-focus; weinig redactionele blog-content rond welzijn/verzuim; bestaande nieuwskanalen vooral cao-/RVU-gericht.,Vitaliteit en duurzame inzetbaarheid voor SGO-werkgevers binnen RVU/IKB-kaders — zenuwstelsel-regulatie als praktische bouwsteen.,geen info gevonden,niet gevonden,Werkgeversvereniging Samenwerkende Gemeentelijke Organisaties met cao-content.,gemeente werkgevers vitaliteit blog,WebSearch,D
308,wsprivierenland.nl,C9,2,0.37,LOW (DR <30),estimated,2025-06,https://www.wsprivierenland.nl/nieuws/een-vraag-leidt-tot-meerdere-oplossingen/,Een vraag leidt tot meerdere oplossingen,werkgever,Werkgevers in regio Rivierenland die met WSP samenwerken voor inclusief werkgeverschap en personeelsvragen.,"Regionaal werkgeversservicepunt, beperkte blog-activiteit en niche-doelgroep — thema-match indirect via inclusief werkgeverschap.",Hoe inclusieve werkgevers zenuwstelsel-bewuste werkbegeleiding bieden bij re-integratie van werkzoekenden met afstand tot de arbeidsmarkt.,pitch via redactie,niet gevonden,Regionaal WSP Rivierenland met blogartikelen over sociaal ondernemen.,WSP werkgeversservicepunt artikel,WebSearch,B
309,verzekeringskaarten.nl,C7,1,0.365,MEDIUM (DR 30-60),estimated,2026,https://verzekeringskaarten.nl/quantum_leben/verzuimverzekering-2026,Verzuimverzekering 2026 (Quantum Leben),geen-match,Verzekeringsnemers en adviseurs die productinformatiekaarten van het Verbond van Verzekeraars raadplegen.,Gestandaardiseerde informatiekaartensite van het Verbond — geen redactionele content/blog; gastartikelen onmogelijk.,Niet geschikt — geen blog/redactie.,geen info gevonden,niet gevonden,Informatiesite over verzekeringsproducten waaronder AOV.,inkomensverzekeraar blog werkgever,WebSearch,D
310,atarbo.nl,C4,3,0.36,LOW (DR <30),estimated,2025-04,https://www.atarbo.nl/kleine-veranderingen-groot-effect/,"Kleine veranderingen, groot effect | Arbodienst @arbo",arbo,Werkgevers en HR die een arbodienst zoeken en lezen over praktische vitaliteits- en preventietips.,"Arbodienst-blog met vitaliteits-/preventie-content past goed thematisch, lage autoriteit maar relevante NL-doelgroep voor verzuim.",Praktische zenuwstelsel-oefeningen die werkgevers samen met arbodienst kunnen aanbieden ter preventie van burn-out.,geen info gevonden,niet gevonden,Arbodienst @arbo met preventieblog over vitaliteit.,vitaliteit op werkvloer,WebSearch,B
311,leiderschapscoaching.nl,C6,3,0.36,LOW (DR <30),estimated,2025-04-04,https://leiderschapscoaching.nl/informatie/informatie/,Leiderschapscoaching.nl: verander stress in succes,coach,"Leidinggevenden die persoonlijke coaching zoeken rond stress, leiderschap en duurzame resultaten.",Themamatch met stress/leiderschap maar lijkt aggregator/portaal — open call onduidelijk.,Stress in succes veranderen via zenuwstelselregulatie: praktisch toolkit voor leidinggevenden.,geen info gevonden,niet gevonden,Specifiek platform rond leiderschapscoaching en veerkracht,Nederlandse leiderschapscoaching platform blog publiceren,WebSearch,F
312,coachcircle.nl,C11,2,0.355,LOW (DR <30),estimated,2025,https://coachcircle.nl/onze-coaches/cc-lianne-1576/,Coach-profielpagina met training 2025,coach,"Coaches en coachees op een marktplaats; mensen die life-, loopbaan- of stress-coaching zoeken.",Voornamelijk coach-profielpagina's; weinig zichtbaar blog-content en HR-doelgroep ontbreekt; matige link-waarde.,"Voor coaches: zenuwstelsel-kennis als next-level toolkit naast NLP, ACT en oplossingsgericht werken.",gastauteur netwerk,niet gevonden,Coachingsmarktplaats met blog-/contentmogelijkheid.,coaching platform Nederland gastauteur artikel,WebSearch,A
313,gevoelszaken.nl,C11,2,0.355,LOW (DR <30),estimated,2026-01-05,https://www.gevoelszaken.nl/en/frequently-asked-questions/,FAQ pagina met crisisnummers,psycholoog,Online therapie + coaching voor werknemers om verzuim te voorkomen en herstel te versnellen.,Relevant thema (online therapie/verzuim) maar weinig zichtbare blog-content of gastauteur-opening.,Zenuwstelsel-regulatie als brug tussen online therapie en duurzaam terugkeren naar werk.,geen info gevonden,niet gevonden,Coachingsblog rond gevoel en stress.,mental coach blog NL stress werknemer,WebSearch,E
314,hrmspot.nl,C10,2,0.355,LOW (DR <30),estimated,2025-12-12,https://hrmspot.nl/takenpakket-hr-medewerker/,Takenpakket van een HR-medewerker,HR,"HR-medewerkers en HR-managers op zoek naar software, payroll en HRM-content.","Reviewachtige content over HR-software; welzijn/verzuim is geen kernthema, link-waarde matig.",Wat HR-software niet meet: zenuwstelsel-signalen als ontbrekende laag in moderne HRM.,geen info gevonden,niet gevonden,Reviewplatform met inhoudelijke artikelen over HR-softwareleveranciers,HR-software vendor blog Nederland werkgever,WebSearch,A
315,nielsvansanten.nl,C16,2,0.355,LOW (DR <30),estimated,2026-01-21,https://nielsvansanten.nl/overspannen-en-burn-out/herstel-van-je-burn-out-in-3-fasen/,Herstel van je burn-out in 3 fasen,coach,"Particulieren met relatie-, stress- en burn-outproblematiek; therapeuten/coaches als secundair publiek.","Inhoudelijk dichtbij zenuwstelsel-/polyvagaal-thema, maar individuele therapeut-blog met consumentenfocus en lage autoriteit.",Niet primair voor outreach — eerder vakgenoot dan platform; eventueel content-uitwisseling.,geen info gevonden,niet gevonden,Therapeut/blogger over stress en polyvagaal theorie.,polyvagaal Nederland blog,WebSearch,D
316,arbeidsbrein.nl,C16,3,0.345,LOW (DR <30),estimated,niet gevonden,https://arbeidsbrein.nl/,ArbeidsBrein voor re-integratie en duurzame inzetbaarheid,HR,"Werkgevers, HR en werknemers met NAH/burn-out/ADHD die begeleiding zoeken bij re-integratie.","Thematisch zeer relevant (burn-out, re-integratie) maar kleine praktijksite zonder duidelijke redactie of recente artikelen gevonden.",Hoe zenuwstelselregulatie het re-integratieproces versnelt bij burn-out en stressgerelateerde uitval.,geen info gevonden,niet gevonden,Trainingsbureau mindfulness in bedrijf met blogcontent voor werkgevers.,mindfulness werkgever,WebSearch,F
317,blog.conamore.com,C16,3,0.345,LOW (DR <30),estimated,niet gevonden,https://blog.conamore.com/,niet gevonden,zorgprof,"Zorgprofessionals en geinteresseerden in complementaire en integratieve zorg, met aandacht voor psychosomatiek.","Thematisch goede match (psychosomatiek, integratieve zorg) maar HR-doelgroep ontbreekt; link relevant voor body-mind authority.",Polyvagaaltheorie en psychosomatische fysiotherapie: een bruggetje tussen lichaam en werkgever-context bij burn-out.,geen info gevonden,niet gevonden,Zorgblog met artikel over psychosomatische fysiotherapie in reguliere zorg.,psychosomatiek samenwerking,WebSearch,A
318,denkpro.nl,C11,3,0.345,LOW (DR <30),estimated,niet gevonden,https://www.denkpro.nl/wees-burn-out-bij-ict-een-stap-voor/,Wees burn-out bij ICT een stap voor,psycholoog,"Werknemers en werkgevers in Gouda e.o. die psychologische hulp zoeken voor overspanning, burn-out en werkstress.",Praktijk-blog met direct relevante content over burn-out en werkgevers; klein bereik maar peer-fit voor verwijzing/samenwerking.,Zenuwstelsel-regulatie als verdieping op klassieke burn-out-aanpak in de huisartsenpraktijk/GGZ.,geen info gevonden,niet gevonden,Praktijkblog over overspanning en burn-out - matchend met zenuwstelsel-thema.,psycholoog blog werkgever Nederland burn-out,WebSearch,C
319,duurzaaminzetbaarheidcentrum.nl,C4,3,0.345,LOW (DR <30),estimated,niet gevonden,https://www.duurzaaminzetbaarheidcentrum.nl/,niet gevonden,werkgever,Werkgevers en HR die zich oriënteren op duurzame inzetbaarheid en subsidies.,"Thematische match (duurzame inzetbaarheid), maar weinig actuele content zichtbaar; redactionele frequentie en gastruimte onduidelijk.",Zenuwstelsel-regulatie als kerncomponent van duurzame inzetbaarheid voorbij ergonomie en vitaliteit.,geen info gevonden,niet gevonden,Themaplatform duurzame inzetbaarheid voor werkgevers.,duurzame inzetbaarheid vakblad,WebSearch,C
320,mensenverzuim.nl,C16,3,0.345,LOW (DR <30),estimated,niet gevonden,https://mensenverzuim.nl/,Mens & Verzuim - Specialist in effectief verzuimbeheer (homepage),HR,"Werkgevers, HR en casemanagers die effectief verzuimbeheer en re-integratie willen organiseren.",Direct thematisch relevant maar weinig gedateerde blog-content zichtbaar; redactie-route onduidelijk.,Casemanagement 2026: hoe zenuwstelsel-inzichten de gespreksvoering met langdurig zieken transformeert.,geen info gevonden,niet gevonden,Mens-&-Verzuim platform met kennisbank casemanagement.,casemanagement verzuim,WebSearch,E
321,circulairemaakindustrie.nl,C15,1,0.335,MEDIUM (DR 30-60),estimated,2026-01,https://circulairemaakindustrie.nl/nieuws/nieuwe-circulaire-doelen-voor-2035/,Nieuwe circulaire doelen voor 2035,geen-match,"Maakindustrie-bedrijven, beleidsmakers en duurzaamheidsmanagers gericht op circulaire transitie.","Inhoudelijke focus circulaire economie, niet HR/burn-out; geen redactionele match met zenuwstelsel-pitch.",Niet relevant; geen logische invalshoek.,geen info gevonden,niet gevonden,Platform circulaire maakindustrie met ondernemerscontent.,Metaalunie FME industrie werkgever,WebSearch,E
322,werkeninfriesland.nl,C9,1,0.335,LOW (DR <30),estimated,2026-05,https://www.werkeninfriesland.nl/vacatures/,"Vacatures (regio Friesland, gemeentelijk)",werkgever,Werkzoekenden en externen die opdrachten/vacatures bij Friese gemeenten/overheid zoeken; vooral vacature-platform.,"Vooral vacature-/inhuur-platform, geen redactioneel blog over verzuim/burn-out — niet geschikt voor zenuwstelsel-gastartikel.",n.v.t. — geen passend redactioneel kanaal.,geen info gevonden,niet gevonden,Regionaal arbeidsmarktplatform met artikelen over werkgeverschap.,A&O fonds Rijk blog,WebSearch,B
323,ixly.com,C6,2,0.325,MEDIUM (DR 30-60),estimated,niet gevonden,https://www.ixly.com/pricing,niet gevonden,HR,HR-professionals en assessment-experts die psychologische tests en loopbaanassessments inzetten.,Sterke assessment-niche maar weinig zichtbare blog-content op .com-versie; check ixly.nl voor blog.,Hoe assessments zenuwstelsel-belastbaarheid kunnen meten als voorspeller van duurzame inzetbaarheid.,geen info gevonden,niet gevonden,Assessment-aanbieder met blog over leiderschap en HR-thema's,leiderschap blog Nederland gastauteur,WebSearch,E
324,overkwaliteitvanzorg.nl,C12,2,0.325,MEDIUM (DR 30-60),estimated,niet gevonden,niet gevonden,niet gevonden,zorgprof,"Zorgprofessionals, bestuurders en kwaliteitsmedewerkers in de zorgsector.",Geen recente indexering gevonden; zorgsector-focus eerder dan HR/burn-out.,Kwaliteit van zorg begint bij zenuwstelsel-veiligheid voor zorgmedewerkers zelf.,geen info gevonden,niet gevonden,Platform Kwaliteit in Zorg met openbare auteursinformatie voor inzendingen.,Qruxx Zorg artikel publicatie,WebSearch,E
325,qruxx.com,C12,2,0.325,MEDIUM (DR 30-60),estimated,niet gevonden,https://www.qruxx.com/de-bedoeling-is-dat-elke-patient-zorg-op-de-juiste-plek-krijgt-met-een-optimale-kwaliteit/,Elke patient zorg op de juiste plek met optimale kwaliteit,zorgprof,Medisch specialisten en bestuurders in de zorg geïnteresseerd in passende zorg en netwerkgeneeskunde.,Slechts 1 oudere zoekresultaat; redactionele actualiteit onduidelijk; doelgroep medisch specialisten ver van HR-werkgeverspublicaties.,Hoe passende zorg en preventief verzuimbeleid samenkomen via zenuwstelsel-gerichte interventies.,geen info gevonden,niet gevonden,Kennisplatform passende zorg (geintegreerd met Zorgvisie) met openheid voor inhoudelijke bijdragen.,Qruxx Zorg artikel publicatie,WebSearch,C
326,sn.nl,C6,2,0.325,MEDIUM (DR 30-60),estimated,niet gevonden,niet gevonden,niet gevonden,HR,Schouten & Nelissen trainingsinstituut voor leiderschap en HR-ontwikkeling.,Geen recente content op sn.nl gevonden in WebSearch; mogelijk gemigreerd domein of zwak geïndexeerd.,Nieuw leiderschap door zenuwstelsel-bewuste training: blijven leren in een hybride werkrealiteit.,geen info gevonden,niet gevonden,Schouten Nelissen blog over nieuw leiderschap en menselijke kant van werk,leidinggeven blog Nederland artikel,WebSearch,E
327,bewegennaargezondheid.nl,C11,2,0.325,LOW (DR <30),estimated,2025,https://bewegennaargezondheid.nl/long-covid-in-2025/,Long Covid in 2025: wat we weten en hoe fysiotherapie kan helpen,zorgprof,"Patienten in Oss e.o. voor fysiotherapie en herstel, met content over long covid en bewegen.","Lokale fysio-praktijk; doelgroep is patienten, niet HR-managers; weinig hefboom voor backlink-strategie gericht op werkgevers.",Hoe psychosomatische fysiotherapie en zenuwstelsel-regulatie samen werken bij langdurige klachten en re-integratie.,geen info gevonden,niet gevonden,Psychosomatische fysiotherapiepraktijk met blog - vakgenoot mogelijk waardevol als peer.,psychosomatiek blog Nederland werk gezondheid,WebSearch,C
328,bolsterkracht.nl,C11,2,0.325,LOW (DR <30),estimated,2025,https://www.bolsterkracht.nl/nl/blog/authentiek-leiderschap/,Authentiek Leiderschap mannen: IQ-FQ-SQ-EQ,coach,"Eindhovense leiderschapscoaching praktijk gericht op individuele leiders, teams en mannelijke ondernemers.",Klein lokaal coachbureau met beperkte content-stroom; geen aanwijzing voor gastauteur-opening.,Zenuwstelsel-regulatie als basis van authentiek leiderschap en stresshantering.,geen info gevonden,niet gevonden,Coachingbureau met blogs over coachstandaarden.,coach federatie Nederland blog,WebSearch,E
329,gebouwschilnederland.nl,C9,2,0.325,LOW (DR <30),estimated,2025,https://www.gebouwschilnederland.nl/aandachtsgebieden/werken-met-zzpers,Voorkom schijnzelfstandigheid zzp'er,werkgever,Aangesloten werkgevers in gebouwschil-/bouw-branche en hun HR-/P&O-functies.,Brancheorganisatie met focus op juridische en zzp-onderwerpen; verzuim-/welzijnscontent beperkt zichtbaar in search; niche-platform.,Duurzame inzetbaarheid van vakmensen in de bouw via zenuwstelsel-regulatie en fysiek-mentale herstelinterventies.,geen info gevonden,niet gevonden,Brancheorganisatie met tips & tools duurzame inzetbaarheid bouw.,bouw HR blog Nederland verzuim,WebSearch,D
330,perspectief-adviesgroep.nl,C9,2,0.325,LOW (DR <30),estimated,2025,https://www.perspectief-adviesgroep.nl/teamleden/bram-zekveld/,Teamlid pagina (geen recente blogcontent gevonden),werkgever,"Werkgevers die verzuim-/re-integratiebegeleiding inkopen; advies-bureau, niet primair blogplatform.",Klein adviesbureau zonder zichtbare actieve blog in search; thematisch dichtbij maar beperkte publicatiekracht.,Niet primair; eventueel kennispartner-content rond zenuwstelsel-aanpak voor re-integratie.,geen info gevonden,niet gevonden,Adviesgroep voor bedrijfsoptimalisatie en verzuim-/re-integratiebegeleiding.,UWV Perspectief artikel werkgever,WebSearch,D
331,scabadvies.nl,C15,2,0.325,LOW (DR <30),estimated,2025,https://www.scabadvies.nl/verhoging-boete-bij-te-late-ziekmelding-aan-uwv/,Verhoging boete bij te late ziekmelding aan UWV,werkgever,"Werkgevers in de bouw met fiscale, financiele en personeels-/arbo-vraagstukken.","Accountancy/advies voor bouw; content overwegend fiscaal/juridisch, HR/verzuim is randthema.",Burn-out in de bouw: niet alleen UWV-boetes maar zenuwstelsel-werk als preventie.,geen info gevonden,niet gevonden,HR/arbo-adviesbureau gespecialiseerd in bouw & infra.,Goedopgeleidpersoneel bouw infra,WebSearch,A
332,champ.nl,C4,2,0.31,LOW (DR <30),estimated,2025-2026,https://www.champ.nl/business/28670,Champ | Beloon gezond gedrag en vitaliteit (bedrijfspagina),werkgever,"Werkgevers in zorg, retail en horeca die werknemersengagement en vitaliteit willen stimuleren via een sport/wellbeing-platform.",Wellbeing-platform maar weinig redactionele content zichtbaar; vooral business listings en sportlocatie-pagina's; gastartikel-kans onduidelijk.,Hoe gezond gedrag belonen samenvalt met zenuwstelsel-regulatie als preventiestrategie voor verzuim.,geen info gevonden,niet gevonden,Netwerkplatform voor zakelijk sporten en corporate wellbeing in NL.,corporate wellbeing blog,WebSearch,C
333,egonbeaart.nl,C6,2,0.31,LOW (DR <30),estimated,2025-09,https://egonbeaart.nl/,Persoonlijk Leiderschap (homepage),coach,Individuele professionals en leidinggevenden die persoonlijk leiderschap willen ontwikkelen.,Persoonlijke expert-site met weinig verse blog-content; beperkte HR-reach.,Zenuwstelsel-regulatie als fundament onder persoonlijk leiderschap en zelfregie.,geen info gevonden,niet gevonden,Expert-blog over persoonlijk leiderschap,leiderschap blog Nederland gastauteur,WebSearch,E
334,fooks.nl,C10,2,0.31,LOW (DR <30),estimated,2025-2026,https://www.fooks.nl/blogs-en-nieuws-van-fooks/nieuwe-cao-voor-de-horeca-dit-zijn-de-veranderingen,Nieuwe CAO voor de horeca 2025-2026: dit zijn de veranderingen,werkgever,Horecaondernemers en hun medewerkers die payroll en CAO-zaken willen begrijpen.,"Payroll voor horeca, geen verzuimsoftware-focus zoals first_impression suggereert; doelgroep horecaondernemers; thematisch matig passend.",Verzuim in horeca terugdringen via zenuwstelsel-regulatie bij hoge werkdruk en onregelmatige diensten.,geen info gevonden,niet gevonden,Verzuimsoftware-aanbieder met blog over verzuim op de werkvloer,verzuimsoftware blog Nederland werkgever,WebSearch,C
335,lmi-nl.com,C6,2,0.31,LOW (DR <30),estimated,2025-08,https://www.lmi-nl.com/category/persoonlijk-leiderschap/,Persoonlijk Leiderschap (categorie),ondernemer,Ondernemers en leidinggevenden die leiderschapstraining zoeken via internationale LMI-methodiek.,Lokale leiderschapsschool met beperkte blog-stroom; weinig directe HR/verzuim-context.,Persoonlijk leiderschap en zelfregulatie: zenuwstelsel als motor onder leiderschapsgedrag.,geen info gevonden,niet gevonden,LMI Nederland blog over effectief leiderschap en teammotivatie,leiderschap blog Nederland gastauteur,WebSearch,E
336,rondomwerk.nl,C2,2,0.31,LOW (DR <30),estimated,2025-09-17,https://www.rondomwerk.nl/,Goede mensen behouden in je organisatie,arbo,"Werkgevers en HR die arbodienst, re-integratie en outplacement zoeken (regionaal: Rotterdam, Utrecht etc.).",Kleine regionale arbodienst; beperkte content-output en lage DR; matig voor gastartikel.,Maatwerk arbodienst en zenuwstelsel-aanpak: hoe een persoonlijke arbocoach burn-out herkent voor de bedrijfsarts.,geen info gevonden,niet gevonden,Maatwerk arbodienst met informatieve content.,arbodienst Nederland,WebSearch,A
337,stavv.nl,C16,2,0.31,LOW (DR <30),estimated,2025-10-01,https://www.stavv.nl/vacatures/277/adviseur-werkklimaat,Vacature Adviseur Werkklimaat (okt 2025 - apr 2026),HR,HR-professionals en werkgevers die HR-detachering en recruitment van HR-rollen zoeken (niet verzuimbureau).,"First_impression klopt niet — STAVV is HR-detacheerder/recruiter, geen verzuimbureau; geen blog zichtbaar; mismatch voor gastartikel.",Recruiters helpen om kandidaten voor HR-rollen te informeren over zenuwstelsel-regulatie als skill voor leiderschap.,geen info gevonden,niet gevonden,Verzuimbureau met blog over re-integratie en casemanagement.,casemanager re-integratie,WebSearch,C
338,wspzkij.nl,C9,2,0.31,LOW (DR <30),estimated,2025-2026,https://www.wspzkij.nl/nieuws/praktijkleren-met-praktijkverklaring,Praktijkleren met praktijkverklaring (WSP ZKIJ),werkgever,Werkgevers in Zuid-Kennemerland en IJmond die op zoek zijn naar inclusieve werknemers en subsidies.,Regionaal werkgeversservicepunt met focus op inclusie en banenmarkten; thema verzuim/burn-out is randgeval voor hun publicatieprogramma.,Inclusief werkgeverschap en zenuwstelsel-bewustzijn: hoe inclusieve organisaties uitval bij kwetsbare medewerkers voorkomen.,geen info gevonden,niet gevonden,WSP Zuid-Kennemerland/IJmond met verslagen en artikelen over inclusie.,WSP werkgeversservicepunt artikel,WebSearch,C
339,duurzameinzetbaarheid.nl,C2,1,0.305,MEDIUM (DR 30-60),estimated,2025,https://www.duurzameinzetbaarheid.nl/subsidies,Subsidies MDIEU,geen-match,"Officieel: HR, arbo, OR en werkgevers; actuele homepage lijkt echter gekaapt door casino-content.",Search-snippet wijst op compromittering (casino-content op homepage) — risico op verlies van platformwaarde en SEO-toxiciteit; niet geschikt voor outreach.,Niet geschikt — site lijkt gekaapt; eventueel pas overwegen na verificatie dat originele redactie weer actief is.,geen info gevonden,niet gevonden,Kennisportal duurzame inzetbaarheid met praktijkvoorbeelden en interventies.,duurzame inzetbaarheid platform,WebSearch,D
340,mindfullife.nl,C16,1,0.305,LOW (DR <30),estimated,2026,https://mindfullife.nl/agenda/,Agenda mindfulnesstrainingen,coach,Particulieren in regio Amersfoort die mindfulness-trainingen volgen via Centrum Inanna.,"Lokale trainer met particuliere klanten, geen werkgevers- of HR-publiek; mismatch met pitch-doelgroep.",Geen sterke invalshoek voor HR-pitch; meer geschikt voor B2C zenuwstelsel-content.,geen info gevonden,niet gevonden,Mindfulness-aanbieder met content over mindfulness op de werkvloer.,mindfulness op werk,WebSearch,E
341,sensgezondheidszorg.nl,C16,1,0.305,LOW (DR <30),estimated,2026,https://www.sensgezondheidszorg.nl/tarieven/,Tarieven 2026 (incl. psychosomatische fysiotherapie),zorgprof,"Particuliere clienten in Tilburg voor osteopathie, fysiotherapie en psychosomatische therapie.",Lokale praktijksite zonder zichtbare blog; consumentenfocus; nauwelijks geschikt als gastartikel-platform voor HR-publiek.,Niet geschikt voor outreach — eventueel content-partner-overweging in lokale context.,geen info gevonden,niet gevonden,Zorginstelling met informatieve content over psychosomatiek.,psychosomatische fysiotherapie,WebSearch,D
342,vakbladijs.nl,C2,1,0.305,LOW (DR <30),estimated,2026,https://vakbladijs.nl/nieuws/voorbereidingen-ijsvak-wedstrijden-2026-in-volle-gang,Voorbereidingen IJsVak-Wedstrijden 2026,geen-match,"IJsbereiders en ondernemers in de Nederlandse ijssector — vakblad voor ambachtelijke ijsmakers, NIET inkomenszekerheid.","Naamverwarring: dit is Vakblad IJS (ijsbereiders), niet vakblad inkomenszekerheid. Volledige mismatch — first_impression onjuist.",Niet relevant; verkeerd vakblad.,geen info gevonden,niet gevonden,Vakblad inkomenszekerheid met nieuws over re-integratie en loondoorbetaling.,re-integratie vakblad NL,WebSearch,E
343,waarderpolder.nl,C9,1,0.305,LOW (DR <30),estimated,2026,https://www.waarderpolder.nl/boete-overtreders-nul-emissiezone-haarlem/,Boete overtreders nul-emissiezone Haarlem,werkgever,"Bedrijven en werkgevers op bedrijventerrein Waarderpolder (Haarlem); thema's duurzaamheid, mobiliteit en circulariteit.",Bedrijventerrein-platform met focus op mobiliteit/duurzaamheid; geen HR/welzijn-doelgroep — mismatch voor verzuim/burn-out-content.,"Niet relevant — content is bedrijventerrein-logistiek, geen werknemerswelzijn.",geen info gevonden,niet gevonden,Bedrijventerrein-platform met artikelen over inclusief werkgeverschap.,WSP werkgeversservicepunt artikel,WebSearch,F
344,draai.nu,C2,2,0.301,unknown,estimated,niet gevonden,niet gevonden,niet gevonden,arbo,Vermoedelijk register-casemanagers (RCMS) en re-integratieprofessionals.,Geen recente content gevonden via WebSearch — site is mogelijk vooral besloten portaal voor leden; geen open blogkanaal zichtbaar.,Voor casemanagers: zenuwstelsel-kennis als praktische tool bij re-integratie van burn-out-trajecten.,geen info gevonden,niet gevonden,RSC-portaal met content voor specialistisch casemanagers.,RCMS casemanagement,WebSearch,D
345,interimworx.nl,C15,2,0.295,LOW (DR <30),estimated,2024,https://interimworx.nl/interimworx-en-phocus-samen-sterker-in-hr-en-salarisadministratie/,InterimWorX en PHOCUS: Samen sterker in HR en salarisadministratie,HR,HR- en salarisadministratie-professionals en opdrachtgevers in de zorg.,Detacheringssite met beperkte recente content; sterke HR/zorg-koppeling maar weinig actieve blog/gastauteur-route zichtbaar.,Zenuwstelselregulatie als retentie-instrument voor interim HR/salarisprofessionals in de zorg.,geen info gevonden,niet gevonden,Detacheerder HR in de zorg met sectorinformatie.,zorg HR blog Nederland,WebSearch,F
346,wijzerondernemen.nl,C5,2,0.295,LOW (DR <30),estimated,niet gevonden,https://wijzerondernemen.nl/home/,niet gevonden,ondernemer,"Ondernemers en ZZP'ers die zoeken naar tips over ondernemingsplan, autoverzekering en algemene ondernemerszaken.",Geen recente content gevonden (laatste sitemap-data 2019); domein wellicht inactief of low-traffic; gastblog-claim niet verifieerbaar.,n.v.t. — eerst verifiëren of het blog nog actief publiceert.,gastauteur netwerk,niet gevonden,Ondernemersblog met tips inclusief gastblog-mogelijkheden,ondernemers blog Nederland verzuim,WebSearch,C
347,academysuite.nl,C15,2,0.28,LOW (DR <30),estimated,2025-04-23,https://academysuite.nl/blogs/,Blogs over online leren | AcademySuite,HR,L&D-managers en HR-professionals in zorg/welzijn die zoeken naar online leeroplossingen voor behoud van medewerkers.,"Thema is e-learning en kennisontwikkeling, raakt zijdelings aan duurzame inzetbaarheid maar niet aan zenuwstelsel/burn-out.",E-learning module of artikel: 'Zelfregulatie en zenuwstelsel-kennis als onderdeel van duurzame inzetbaarheid in de zorg'.,geen info gevonden,niet gevonden,Opleidingsplatform met blogs over behoud zorgmedewerkers.,SectorplanPlus zorg welzijn,WebSearch,B
348,code24.nl,C14,2,0.28,LOW (DR <30),estimated,2025-02-04,https://blog.code24.nl/en,CODE24 Blog (recente posts 2025),geen-match,"Tech- en zorg-IT-professionals, met case-stories over team-veerkracht.","Tech-bureau met healthcare-IT-focus; raakt mentale veerkracht slechts via case-story, geen HR/arbo-doelgroep.",Mentale veerkracht in tech-teams: hoe leidinggevenden zenuwstelsel-signalen herkennen voor burn-out toeslaat.,geen info gevonden,niet gevonden,Tech-bureau dat case-stories deelt over mentale veerkracht met OpenUp.,OpenUp blog,WebSearch,A
349,jehcoaching.nl,C11,2,0.28,LOW (DR <30),estimated,2025-03-13,https://www.jehcoaching.nl/mentaal-coaching/,Mentaal coaching artikel over EU-erkenning coaching,coach,Cliënten en bedrijven die mentale coaching zoeken (werknemers/onderwijs); kleine praktijksite.,"Persoonlijke praktijksite met coachvak-content, beperkte schaal en geen open redactie zichtbaar.",Zenuwstelselregulatie als verdieping voor mentaal coaches in werk- en onderwijscontext.,geen info gevonden,niet gevonden,Coachingsblog met inhoudelijke artikelen over ICF en coachvak.,coach federatie Nederland blog,WebSearch,F
350,nestor.nl,C2,2,0.28,LOW (DR <30),estimated,2025-02-10,https://www.nestor.nl/single-post/lancering-vaksterk-app-een-nieuwe-stap-in-vakmanschap,Lancering Vaksterk-app: een Nieuwe Stap in Vakmanschap,werkgever,Werkgevers en werknemers in de technische installatiebranche; sectorfonds-gerelateerd duurzaam inzetbaarheidsplatform.,Sectorspecifiek (technische installatie) en beperkte zichtbare contentactiviteit; matige fit voor algemeen HR-publiek.,Duurzame inzetbaarheid voor technische professionals: lichaamsbewustzijn en zenuwstelsel als instrument tegen uitval.,geen info gevonden,niet gevonden,Platform Duurzame Inzetbaarheid met content voor oudere werknemers.,platform duurzame inzetbaarheid,WebSearch,F
351,wspgv.nl,C9,2,0.28,LOW (DR <30),estimated,2025-01-16,https://www.wspgv.nl/nieuws/ook-in-gooi-en-vechtstreek-blijft-de-vraag-naar-icters-hoog/,Ook in Gooi en Vechtstreek blijft de vraag naar ICT'ers hoog,werkgever,Werkgevers en werkzoekenden in regio Gooi en Vechtstreek; inclusief werkgeverschap.,Regionaal werkgeversservicepunt met arbeidsmarkt-content; HR-/verzuim-thema slechts indirect.,Inclusief werkgeverschap en zenuwstelsel: hoe regionale werkgevers nieuwe instromers behouden via reguleringspraktijken.,geen info gevonden,niet gevonden,WSP Groot-Voorne met content over inclusief werkgeverschap.,WSP werkgeversservicepunt artikel,WebSearch,A
352,teamiy.com,C15,1,0.275,LOW (DR <30),estimated,2026-01-30,https://teamiy.com/leave-and-attendance-policy-guide/,How to Build an Effective Leave & Attendance Policy for 2025,HR,HR-managers en MKB-ondernemers in Italie/internationaal met HR-software voor verlof en aanwezigheid.,"Engelstalig/internationaal HR-software-platform, geen NL-focus; mismatch met NL-zenuwstelsel-pitch.",Niet relevant voor NL doelgroep.,geen info gevonden,niet gevonden,HR-platform voor maakindustrie met oplossingen en blog.,industrie HR vakblad NL,WebSearch,E
353,aovergelijken.nl,C7,2,0.265,LOW (DR <30),estimated,niet gevonden,niet gevonden,niet gevonden,ondernemer,Zzp'ers en ondernemers die AOV's willen vergelijken; aanvullend financieel adviseurs.,Voornamelijk vergelijkingsfunneltool zonder duidelijke blog/redactionele content; mismatch met HR-/leidinggevenden-doelgroep.,Preventie van arbeidsongeschiktheid bij zzp'ers via zenuwstelsel-regulatie (waarom AOV-claims door burn-out stijgen).,geen info gevonden,niet gevonden,Blogplatform over arbeidsongeschiktheidsverzekeringen.,inkomensverzekeraar blog werkgever,WebSearch,D
354,betuwsverzuimadvies.nl,C2,2,0.265,LOW (DR <30),estimated,niet gevonden,niet gevonden,niet gevonden,werkgever,"Werkgevers, gemeenten, arbodiensten en verzekeraars die verzuim/WIA-advies zoeken (Diane Bouman, casemanager).","Kleine eenmans-praktijk verzuimadvies, mogelijk weinig blogpublicaties — beperkt bereik en geen duidelijke open call.",Hoe een casemanager zenuwstelsel-perspectief kan inzetten bij langdurig psychisch verzuim.,geen info gevonden,niet gevonden,Verzuimadviseur blog met informatie over casemanagement register.,RCMS register casemanagement,WebSearch,B
355,bofit.nl,C11,2,0.265,LOW (DR <30),estimated,niet gevonden,niet gevonden,niet gevonden,coach,Werknemers met burn-out en werkgevers/HR die herstel- en vergoedingstrajecten zoeken (vermoedelijk).,Geen recente content in WebSearch — search-engine pakte alleen homoniem bofit.fi op; live_status onduidelijk en thematisch oppervlakkig.,Herstel van burn-out via gerichte zenuwstelsel-regulatie als aanvulling op gangbare coachingsprotocollen.,geen info gevonden,niet gevonden,Burn-outcoachingsplatform met werkgeversangle en blogs over vergoedingen/herstel.,psycholoog blog werkgever Nederland burn-out,WebSearch,D
356,buddee.nl,C1|C5|C13,2,0.265,LOW (DR <30),estimated,niet gevonden,https://buddee.nl/,niet gevonden,HR,MKB-ondernemers en HR-medewerkers die personeels- en verzuimadministratie willen automatiseren.,"MKB HR/verzuim-platform met passende doelgroep, maar zichtbare contentproductie en gastauteursbeleid niet bevestigd via search.",Zenuwstelselregulatie als preventielaag in MKB verzuimbeleid: hoe kleine werkgevers grote impact maken.,geen info gevonden,niet gevonden,HR-platform voor Nederlandse MKB met blog over verlof en verzuim.,HR-platform verzuim,WebSearch,F
357,coachingvoormij.nl,C11,2,0.265,LOW (DR <30),estimated,niet gevonden,https://www.coachingvoormij.nl/coach-praktijk/emma-van-damme-budgetcoach-amsterdam,Coach-praktijk pagina's,coach,Particulieren die een coach zoeken via een matching-platform met aangesloten coaches.,Matchingplatform met vooral coachprofielen; beperkte zichtbare redactionele blog; lage match voor HR-pitch.,Zenuwstelsel-regulatie als competentie die werknemers via coaches kunnen aanleren.,geen info gevonden,niet gevonden,Coachmatchplatform - mogelijk kanaal voor educatieve content.,coaching platform Nederland gastauteur artikel,WebSearch,E
358,compucase.nl,C2,2,0.265,LOW (DR <30),estimated,niet gevonden,https://www.compucase.nl/,niet gevonden,arbo,"Arbodiensten, werkgevers en HR-professionals die verzuimsoftware en arbomanagement gebruiken.",Vendor-website met vooral productpagina's; geen zichtbaar blog of redactionele content voor gastartikel; thematische match maar geringe content-mogelijkheid.,Hoe verzuimsoftware en zenuwstelsel-perspectief samen vroegsignalering verbeteren voor casemanagers.,geen info gevonden,niet gevonden,Verzuim software-leverancier met B2B content.,verzuim software,WebSearch,C
359,denieuweleider.nl,C6,2,0.265,LOW (DR <30),estimated,niet gevonden,niet gevonden,niet gevonden,coach,Leidinggevenden en coaches die zich verdiepen in authentiek/transformerend leiderschap.,"Geen recente content vindbaar via site-search — mogelijk inactief of laag-volume. Thema (leiderschap/coaching) past wel, mits levend.",Zenuwstelsel-bewust leiderschap: hoe leiders co-regulatie inzetten om burn-out in hun team te voorkomen.,geen info gevonden,niet gevonden,Coachingsplatform met content over authentiek leiderschap,Nederlandse leiderschapscoaching platform blog publiceren,WebSearch,B
360,hartenweg.nl,C16,2,0.265,LOW (DR <30),estimated,niet gevonden,niet gevonden,niet gevonden,coach,Cliënten van Marie-Louise Busscher (Arnhem) met focus op codependentie en lichaamswerk; klein doelgroep.,Inhoudelijk perfecte thematische match (polyvagaal/lichaamswerk) maar zeer kleine praktijksite — beperkte SEO-waarde en geen open call zichtbaar.,Polyvagale theorie als brug tussen praktijk-lichaamswerk en burn-out-preventie op de werkvloer.,geen info gevonden,niet gevonden,Praktijkblog over polyvagaal theorie en lichaamswerk.,polyvagaal theorie blog,WebSearch,F
361,joelaerts.nl,C6,2,0.265,LOW (DR <30),estimated,niet gevonden,https://www.joelaerts.nl/blog/richting-actie-en-groei,"Richting, actie en groei",coach,"Leidinggevenden en professionals die leiderschapsontwikkeling zoeken via boek, blog en presentaties van Joël Aerts.",Persoonlijk blog van leiderschapsauteur; klein bereik en gastauteurs onwaarschijnlijk; eerder podcast/interview-kandidaat dan gastartikel.,Leiders die zichzelf reguleren zijn betere leiders — een gesprek over zenuwstelsel en leiderschap.,geen info gevonden,niet gevonden,Persoonlijke blog over leiderschap leren en ontwikkelen,leiderschap blog Nederland gastauteur,WebSearch,C
362,kock.nl,C15,2,0.265,LOW (DR <30),estimated,niet gevonden,niet gevonden,niet gevonden,onderwijs,Beoogd: HR/directie voortgezet onderwijs; geen recente content gevonden in search.,Site niet duidelijk in zoekresultaten geindexeerd voor recente content; eerst handmatig live-check nodig.,Werkdruk in het VO: hoe scholen verzuim onder docenten halveren met zenuwstelsel-werk.,geen info gevonden,niet gevonden,Adviesbureau met blogs over beleidsrijk HR-beleid voortgezet onderwijs.,onderwijs HR blog NL,WebSearch,A
363,koningscoaching.nl,C11,2,0.265,LOW (DR <30),estimated,niet gevonden,niet gevonden,niet gevonden,coach,Particulieren die psychosomatisch georienteerde coaching zoeken (mogelijk doorverwijzing naar koningscoaching.com of vergelijkbaar).,"Weinig zichtbare content via site-search, mogelijk redirect of inactief — psychosomatiek-thema past wel maar onduidelijke publicatie-activiteit.",Polyvagaal en psychosomatiek: gemeenschappelijke taal tussen coach en client over zenuwstelsel-regulatie.,geen info gevonden,niet gevonden,Coachingsblog met expliciete psychosomatiek-uitleg.,psychosomatiek blog Nederland werk gezondheid,WebSearch,B
364,mentalcoaching.nl,C11,2,0.265,LOW (DR <30),estimated,niet gevonden,https://www.mentalcoaching.nl/,"Mental Coaching bij stress, druk en vastlopen op het werk",coach,Werknemers en professionals met stress- en burn-outklachten in Amsterdam/Haarlem.,"Praktijksite met stress/burn-out-focus, themamatch sterk maar kleine schaal en geen open gastauteurs-route zichtbaar.",Polyvagale handvatten voor mental coaches bij cliënten die vastlopen op het werk.,geen info gevonden,niet gevonden,Praktijk gericht op stress en vastlopen op werk - aansluitend doelgroep.,mental coach blog NL stress werknemer,WebSearch,F
365,priorities.nl,C16,2,0.265,LOW (DR <30),estimated,niet gevonden,niet gevonden,niet gevonden,HR,Werkgevers en HR die zich willen voorbereiden op Arbeidsinspectie-PSA-toezicht.,Geen indexering gevonden voor domein priorities.nl; mogelijk klein adviesbureau zonder publiek blog.,Hoe HR met zenuwstelsel-bewust beleid PSA-toezicht 2025-2026 voor blijft.,geen info gevonden,niet gevonden,Coach/adviespraktijk met blogs over Arbeidsinspectie en burn-out preventie.,burnout werkgever blog,WebSearch,E
366,verzuimapplicatie.nl,C2,2,0.265,LOW (DR <30),estimated,niet gevonden,https://www.verzuimapplicatie.nl/,niet gevonden,HR,"Werkgevers, casemanagers en HR die verzuimsoftware inzetten voor administratie en procesbewaking.",Verzuimsoftware-vendor met functionele site; beperkt zichtbaar contentprogramma — gastauteurs onwaarschijnlijk.,Naast verzuimadministratie: zenuwstelselregulatie als preventie-pilaar onder elk verzuimproces.,geen info gevonden,niet gevonden,Verzuimsoftware-aanbieder met informatieve content.,verzuim platform,WebSearch,F
367,compendiumgeneeskunde.nl,C3,1,0.23,LOW (DR <30),estimated,2025-05,https://compendiumgeneeskunde.nl/products/zesdelige-reeks-2-0-plus,Compendium Geneeskunde zesdelige reeks 2.0+ (2025),zorgprof,"Artsen, coassistenten en medische specialisten die een naslagwerk gebruiken (boekenreeks, geen blog).","Webshop voor medisch naslagwerk, geen blog/redactioneel platform — geen geschikt vehikel voor gastartikel.",n.v.t. — niet de juiste publicatievorm voor zenuwstelsel-content.,geen info gevonden,niet gevonden,Naslagwerk over bedrijfsgeneeskunde voor medische professionals.,bedrijfsgeneeskunde compendium,WebSearch,B
368,jijbouweninfra.nl,C15,1,0.23,LOW (DR <30),estimated,2025-07,https://jijbouweninfra.nl/nieuws/feestelijke-en-zonnige-opening-uniek-zomers-bouwevent-voor-kinderen-in-harderwijk-jij-bouwt-de-toekomst,Feestelijke en zonnige opening uniek zomers bouwevent voor kinderen,werkgever,Bouw- en infrabedrijven en werkzoekenden in deze sector; instroom/promotie van vak.,Site richt zich op instroom en jeugd-events in bouw — geen redactionele content over verzuim/burn-out.,Niet logisch geschikt; eventueel: lichaamswerk voor jonge bouwers om langdurig vakplezier te behouden.,geen info gevonden,niet gevonden,Platform vakkrachten bouw & infra voor bedrijven.,Goedopgeleidpersoneel bouw infra,WebSearch,A
369,wspachterhoek.nl,C9,1,0.23,LOW (DR <30),estimated,2025-06-03,https://wspachterhoek.nl/nieuws/evenementen/,Ontmoet de Techniek (event),werkgever,Regionale werkgevers in Achterhoek die hulp zoeken bij personeelsvraagstukken via gemeentelijk netwerk.,Lokaal-regionaal WSP met evenementen-focus; geen geschikte blog-route voor inhoudelijke HR-gastartikelen.,Beperkt relevant; eerder optie voor lokale outreach-PR dan gastartikel.,geen info gevonden,niet gevonden,Regionaal WSP met content over inclusieve arbeidsorganisatie.,WSP werkgeversservicepunt artikel,WebSearch,E
370,health.nl,C12,1,0.221,unknown,estimated,niet gevonden,niet gevonden,niet gevonden,zorgprof,Vermoedelijk verzamelportal voor zorgvakbladen; doelgroep en huidige status onduidelijk.,Geen content-resultaten op site:health.nl in 2025-2026; status van domein onduidelijk; lage prioriteit zonder verificatie.,n.v.t. — eerst verifiëren of domein nog actief publiceert.,geen info gevonden,niet gevonden,Verzamelportal vakbladen zorg.,Zorg en Welzijn vakblad publicatie auteur,WebSearch,C
371,prikvandezaak.nl,C4,1,0.221,unknown,estimated,niet gevonden,niet gevonden,niet gevonden,werkgever,Vermoedelijk werkgevers met aanbod rond bedrijfsgezondheid (eerste impressie).,Geen content in WebSearch gevonden voor dit domein; live_status onduidelijk; niet geprioriteerd voor outreach.,Niet primair — eerst verifieren of het domein actief en redactioneel is.,geen info gevonden,niet gevonden,Werkgeversblog met content over fysieke en mentale gezondheid op werkvloer.,vitaliteit werkgever blog,WebSearch,D
372,probaat.nu,C15,1,0.221,unknown,estimated,niet gevonden,niet gevonden,niet gevonden,HR,Vermoedelijk werkgevers en HR rond werkgeluk/werkstress; geen searchresultaten gevonden om te bevestigen.,Geen searchresultaten gevonden voor dit domein — niet verifieerbaar of het platform actief is of geschikt voor gastartikel.,Niet te bepalen zonder actieve site-verificatie.,geen info gevonden,niet gevonden,Werkgeluk-platform met thema-artikelen over werkstress en burn-out per sector.,CNV Onderwijs HR blog,WebSearch,F
373,bouwenaandezorg.eu,C12,1,0.2,LOW (DR <30),estimated,2025-04-11,https://bouwenaandezorg.eu/algemeen/world-parkinson-day-ernst-daniel-smid-sprak-over-leven-met-parkinson/,World Parkinson Day: Ernst Daniel Smid sprak over leven met Parkinson,zorgprof,"Bouw-, inrichtings- en facilitair-professionals in de zorgsector.","Doelgroep is bouw/huisvesting zorg, niet HR/welzijn — mismatch voor verzuim/burn-out content gericht op HR-managers.",Werkomgeving en zenuwstelselveiligheid: hoe zorggebouwen kunnen bijdragen aan herstel van zorgmedewerkers (zwakke link).,geen info gevonden,niet gevonden,Vakblad bouw en huisvesting zorg - minder direct relevant maar B2B-zorgkanaal.,zorgmagazine vakblad B2B Nederland,WebSearch,F
374,brn-out.com,C16,1,0.185,LOW (DR <30),estimated,niet gevonden,niet gevonden,niet gevonden,werkgever,Werkgevers en burn-out kandidaten op zoek naar begeleiding bij langdurig verzuim.,Geen recente content geïndexeerd; mogelijk inactief of nieuw domein zonder zichtbare blog.,Zenuwstelsel-regulatie als preventieve laag bovenop bestaande burn-out begeleiding.,geen info gevonden,niet gevonden,Burn-out begeleidingsbureau met blog over verzuimkosten.,burn-out verzuim kosten,WebSearch,E
375,corporatewellbeing.nu,C4,1,0.185,LOW (DR <30),estimated,niet gevonden,niet gevonden,niet gevonden,HR,HR-managers en wellbeing-coordinatoren die corporate wellbeing programma's opzetten.,Geen indexering gevonden in WebSearch; site mogelijk inactief of zwak geïndexeerd.,Zenuwstelsel-regulatie als kern van corporate wellbeing strategie.,geen info gevonden,niet gevonden,Nederlands platform volledig gewijd aan corporate wellbeing programma's.,corporate wellbeing blog,WebSearch,E
376,fixs-verzuim.nl,C10,1,0.185,LOW (DR <30),estimated,niet gevonden,niet gevonden,niet gevonden,arbo,Arbodiensten en werkgevers die verzuimsoftware gebruiken voor verzuimregistratie.,Geen geïndexeerde content gevonden; site mogelijk klein of intern gericht.,Hoe verzuimsoftware kan signaleren bij chronische zenuwstelsel-overactivatie.,geen info gevonden,niet gevonden,Verzuimsoftware voor arbodienst en werkgever,verzuimsoftware blog Nederland werkgever,WebSearch,E
377,ivvo.nl,C9,1,0.185,LOW (DR <30),estimated,niet gevonden,niet gevonden,niet gevonden,werkgever,"Vermoedelijk werkgevers in duurzaam ondernemen (Instituut voor Vitaal Ondernemen, op Facebook actief).",Geen content gevonden op .nl-domein in WebSearch; alleen verwijzingen naar Belgische ivvo.be (afvalbedrijf) en Facebook-pagina; live_status onduidelijk.,Niet primair — eerst verifieren of het domein actief blog heeft.,geen info gevonden,niet gevonden,Kennisplatform met blog over wat duurzame inzetbaarheid betekent.,SER blog werkgever Nederland,WebSearch,D
378,mkbdirect.nl,C2,1,0.185,LOW (DR <30),estimated,niet gevonden,niet gevonden,niet gevonden,ondernemer,MKB-ondernemers met behoefte aan zakelijke verzekeringen; lijkt vooral verzekeringsvergelijker dan nieuwsplatform.,Geen content-resultaten op site:mkbdirect.nl; site lijkt verzekeringsvergelijker zonder redactionele blog; mismatch met gastartikel-strategie.,n.v.t. — eerst verifiëren of er een blog/nieuws-sectie is.,geen info gevonden,niet gevonden,MKB-nieuwsplatform met arbodienst-content voor kleinere werkgevers.,arbodienst MKB,WebSearch,C
